_,Date,Feeling,今日のひとこと,感動・学び・気づき①,感動・学び・気づき②,感動・学び・気づき③
250104,2025/01/04,😌,妻と子供が海外旅行。妻が初の海外。無事に帰ってきて欲しい。,家事大変。ワンオペの人尊敬。,Claudeのプロジェクト最高,やっぱり愛知県民は赤味噌好き
250105,2025/01/05,😣,洗濯もの、ストーブで十分に乾く。浴室暖房が壊れてるけど何とかなっててよかった。,家事を一人で行うのは大変。今日は休日だから普段通りにすべてのことができたけど、明日は仕事。これだけの家事をひとりでこなせるか不安。,副業の資料作成をしたが、以前までと比べるとおっくうに感じる。いまはそこまでの熱がない。,
250106,2025/01/06,😣,ゲームって難しいね！,本業が始まると、家事で抜け漏れが出てしまう。明日は今日忘れたところを重点的にやろーっと。,本業、同期がどんどん昇格。それに対して焦りも悔しいという気持ちがないということは、私はもうそこで何かを為したいと思っていないのだろう。,プロってすげーなーってやっこさんのスピード感を見てて思った！
250107,2025/01/07,😌,計画的にゲームしたい,比較的穏やかな一日。家事でやりたかったことがやれたし、カーペットを洗ってからっと乾いたから気分が良いんだ。洗濯とおちゃんとして誇れる一日だった。,本業はそこまで仕事なく。これでお金をもらっていいかと思わなくもないが、さんざんプライベートや自分を犠牲にしてきたんだ。残り２０年は楽に過ごしてやる。,スタエフのライブでわいわいするのは楽しいが、ながら聞きなので、そこまで参加できないもどかしさはある。とはいえ、雑談ライブだったりするので、そこまで思いつめるほどのことでもない。
250108,2025/01/08,😌,エビ寄せフライ、美味い。妻手作り。さすが！,妻がいてくれるとホッとする。家が物理的にも空気感的にも温かい気がする。,家事はやはり分担しないと。身体的に楽だった。ただ、余裕ができた分ダラーっともしてしまった。本当はその時間で色々やりたい。,ゲームでうまくいかないとイライラしてしまう。これはなぜ？
250109,2025/01/09,😊,久しぶりにトレーニングルームへ行った。なまってるなー,色々とうまくできた。本業はほどほどに、主にゲームや配信系。午前中にいくつやりたいことを片付けられるかで勝負は決まる。,応援される人になるにはどうしたらいいのかと考えたけど、そもそも応援する方が性に合ってると思いなおした。,やりたいことをやれる幸せっていい。けど、お金がなーい。
250110,2025/01/10,😊,楽しい、を大切にしたいが、何事もバランスが必要,羨ましい、という感情と向き合わないとなと思う。その感情を消す必要はないけど、受容できるといいなと。,いまさらながら、英語・英会話できるといいなと感じた。ビジネスというよりも、遊び・ゲームの領域にて。,放置案件がどんどんと積み上がっていく・・・この週末に全部片付けたいが、ゲームを優先しそう。。
250111,2025/01/11,😌,明日は成人の日。それにちなんだスタエフを収録した。,ボランティア活動の日だった。うん、参加する子供のマナーや躾によって、私の気分は変わる模様。今日は良かった。,すぐやる、は1番の効率化だと思った。,補助金シーズンがまたやってくる…お金は欲しいけど、正直苦しいのは嫌だ…
250112,2025/01/12,😭,うまくいかない一日だったな。,昨日はなぜか気分の谷間になった。思うように物事が進まなかったからか、ちょっと家庭内で思うようなことがあったからか、今週と来週がイベント続きでそれがプレッシャーになったのか。,もう少し調査してから質問したほうが良いと思った。いつも自分の感覚で質問してるから、客観的な事実をもとにして問い合わせたほうがいい。,やると言っていたことがやれてないプレッシャー。きっと１０分でできることなのに、もう１ヶ月位後回しにしてる。その瞬間に５０％くらいの内容でもいいから対応したい。
250113,2025/01/13,😌,明日は小学校での講座。メイン講師ではないため、子供たちとわいわい楽しむ。,穏やかな一日だった。凪っていう感じ。,次の事業を考えないといけない。焦りはないけど、やらないとなという気分。,わんちゃんの散歩中、また野良の子猫がいたらどうしよう、とか考えたりしてた。無益。
250114,2025/01/14,😆,出前授業はやっぱり楽しい！,子供の多様な発想に触れた。一つの物事を多面的に捉える発想、自分のビジネスにも活かしたい。,診断士の試験でよく使っていた多面的、という言葉、久しぶりに思い出した。勝ち方や王道に囚われ過ぎていたかもと思った。,ナビ、もう少しだけ賢くなっても良いんだよ。
250115,2025/01/15,😌,凪だなー。,凪、だな。凪。,積読だった本を読み進めることができた。本、といっても小説なんだけど。でもビジネス本も最近は読む気がしないな。あの類の本を読むと、無理に実践しようとして苦しくなる（それができていない自分にへこむ）。なので、新しく買うことはやめて、これはいいなと思った本を何度も読み返すようにしようかな。,AI、いろんなサービスがある。今日勉強したのはDify（Defiと読み方は同じだけど違う）。PowerAutomateっぽくて、それでいて、AIサービスのAPIが使えるというもの。StableDiffusionも使えるのかな。そのあたりは調べてみたい。
250116,2025/01/16,😌,アニメ、漫画、小説は尊い。,アニメを見始めると、何にもやらなくなるよね。イベントの準備とかやるべきことはあったんだけど、ついつい。だめだ。。,とはいえ、アニメを見るのは楽しい。今期も良きアニメがたくさんなのでうれしい限り。,さてさてそろそろ確定申告の準備をしなくては。パパっとやればすぐに終わるのに、やらないからずるずる・・
250117,2025/01/17,😤,あー、もう少しよく見ておけばよかった。,自分が情けなくなった。もう少しよく見てれば。逃した魚は大きいというか、積み上げてたものが簡単に崩れるということを思い知った。,会社の研修は楽だった。最後の終了テストもテキスト見ながら回答していいし、満点だった。途中、ほぼ聞いていないのに・・こういう形式の研修やセミナーはそのうちになくなるんだろうな。なので！そうじゃないセミナーを考えていく必要があるな。,明日はイベント。プログラミングの。前と同じ内容なので、準備時間はほぼ必要なし。人数も少ないので、より個人に寄り添って楽しくやりたい。とはいえ、想定外の事態には備えていきたい。
250118,2025/01/18,😌,イベントは楽しい,子供向けのイベント。依頼を受けて行ったイベントだけど、講師料などは無し。公共施設で「なかなか予算が」といわれるので、次回はやめたいなと思っていた。実施前は。でも実際にやると、子供たちは楽しそうだし、充実感が得られるし、別にやってもいいかなと思ってしまう。お金＜体験価値ってことなんだろうか。,,
250119,2025/01/19,😌,本を読んで終わったな。久しぶりにスタエフを聞かない、耳を休める日になった。,保護猫ちゃんが発情期かな。猫を飼ったことがないから、どう扱っていいのか迷う。,買い物をするスーパー、キャッシュレス決済できない店舗は使わない。今の時代に現金のみという状況は変えた方が良い。そう思うと、マルシェなどは現金のみが当たり前になっているが、変化が必要かもしれない。中国などは小さな店舗や屋台であってもキャッシュレス決済。参考にできるか。,"＄TRUMP,＄ELONはまったく追えておらず"
250120,2025/01/20,😣,今読んでる小説を読み切ったら、ちゃんとしたい・・・,ずっと小説を読んでしまった。得るものは、、、ないかな。月曜日だし今日から頑張ると意気込んでみたものの、ふたを開けたら、、という状態だった。,熱しやすく冷めやすい、がまた発動。ゲーム熱が収まってきてしまった。そこそこな投資もしているのでちゃんと形にしたいが・・年齢的なものもあって、反射神経を求められるようなゲームはなかなか厳しいかな。その現実に打ちひしがれて熱も冷めていく。,
250121,2025/01/21,😌,家計簿つけなくちゃ・・・,無理はしない。無理に出勤しない。いままでの２０年、よく無理をしてたなと思った。,熱が冷めるって、こんなにも急激に熱って冷めるものなのか。熱しやすく冷めやすい。ということは、常に新しい何かを追っかけるのがいいのか、それよりも周期的に追っかけるものを変えるのもいいな。,オフラインでの学びを実践できるのはいいなと改めて思った。やはりすぐに使えるっていう方が満足度が高くなる気がする。組織開発とかのセミナーってすぐには使えないから、工夫が必要なんだろうな
250122,2025/01/22,😣,タイミングって何事も重要だなと思った！,家計簿付けたり、確定申告の準備したり、やらないといけないことから逃げてる。それがわかってても楽な方に逃げたくなる。,,
250123,2025/01/23,😌,あと１日。明日が終わればお休み！,本来の目的を忘れ、やること、実績を作ることになると、うまくいかないんだろうな。,１つやりたかったことがやれた。時間にして３０分くらい。短時間で達成感が得られるのであれば、もっと早くやればいいと思った。,最近はSDGｓについてなかなか勉強できてなかった。久しぶりに世界の教育水準を調べたが、このあたりはずっと追っかけていきたい。
250124,2025/01/24,😊,ゲーム楽しい,早押しってなかなか大変。サバイバルですね。オロチトークンの２次販売開始からPCの前で張ってましたが、１回しか買えなかった。時間としては15分くらいチャレンジ。必ず値上がりすることはわかっているので元は取れていると思うけど、果たしてそれは有益だったのかどうか。他にチャレンジすべき事があるのではないかと思ってしまう。,海外プロジェクトのゲームナイトに参加。翻訳ソフトを使っているが、なんとなくの雰囲気は分かる。けど、それで本当に意味がわかるようになったりするのは、若いうちだけなんだろうな。,
250125,2025/01/25,😣,もやっとするね〜,補助金の成果報酬が振り込まれず焦る。交付申請が下りてからということだが、待てずフォローしてしまった。計画的に事業主へ還元することを行ったほうが良いと反省。,,
250126,2025/01/26,😊,頭痛が痛い・・・,プログラミングクラブを開催。今回はRobloxに取り組む子が２人もいた。毎回口頭では簡単には連絡していたが、実際に取り組んでくれると嬉しい。そして、１日で簡単なアスレチックゲームを作ってた。子どもの学びに力はすごい。そしてRobloxの可能性を感じることもできた。,開催レポートをClaudeを使って作成。一瞬。Projects機能を使ったが、こんなにも短時間でできるとは。もっと活用せねば。,
250127,2025/01/27,😌,明日こそ、確定申告の事業分の入力を終わらせねば。,久しぶりに会社へ出社した。何も変わらないオフィス。でもそこにいるだけで、息苦しくなる感じ。やっぱりいかなくても良い場所にはいきたくないよね。,猫が脱走劇を。すぐに確保できたので良かったけど、ものすごくひやっとした。対策を打たねば。,教育を受けた内容を実践。とは言っても承認する時のチェックに、テキストを用いて勉強しながら確認したくらいだけど。でも学んでるって感じがして楽しかった。
250128,2025/01/28,😊,明日の午前は何も会議ない。確定申告の準備を進めるか。,自分の不安定さに気づいた。というか音声配信の内容に一貫性がないなと。話下手だといったり、話を広げるためのテクニックを語ったり。聞いている人が迷うんじゃないかと思うが、そもそもそんなに私の配信を覚えている人もいないんだろうなと思ったり。,ラノベ読みが止まらない。一方で買った本が全然読めてない・・・,
250129,2025/01/29,😣,働く気がおきないので、せめて家事を全力で頑張るか。,時間を無駄にしてしまった。ずっとラノベを読んでて何もできなかった。また副業でバンバン働けるようになる日は来るのだろうか。まあ営業活動を何もしていないので、その前段階なんだが。,確定申告、なかなか進まない。２０２４年は売り上げが大幅減なので払う税金が減る。それは良いのだが、売り上げ減っていうのが良いのかどうか。,ゲーム熱は冷め中。NFTを購入して初期投資してるものは、継続的に楽しみたいけど、なかなかうまくできないとやりたくなくなる。。。
250130,2025/01/30,😊,今日はやりたいことがやれた１日だった！確定申告も事業分は終わったので、あとは仮想通貨分・・・,れんとんさんのジャーナリングのUdemy講座を受講した。Dailyログはほぼ習慣化できている。これが継続できるようならMonthlyログも開始したい。試しに２月になったら、Monthlyログを作ってみようかな。,↑とはいえ、Todoはやってないなー。タスクリストを書き始めるとそれだけで満足してしまいそう。それを消化することに主眼をおいてしまいそう。なので引き続きマインドフルネスな感じでやっていこう。,学校教育における外部講師に求められること、に若干迷いはあるよね。学校は外部から呼ぶ＝子どもたちが楽しくないと、あるいは見栄えが良いほうが、とか考えるんだろうか。外部講師を雇ってまで、子どもたちが苦しい難しいっていう思いをするのは違うと思うが、楽しいばかりを優先してもなって思う。とはいえ、結局のところは学びが得られれば何でもいいのかな。
250131,2025/01/31,😊,華金だった！,これを書いてるのは2/2。バタバタでかけなかったけど、ジャーナリングや日記は遡って書くのは難しいね。タスクリストとかであればいいけど、その時の感情は日が経つと薄れてくるので、そのときに書かないとなー。,,
250201,2025/02/01,😌,アニメ、ラノベをたくさん楽しんだ！こういう日があってもいい！（こういう日ばっかりな気もするけど）,本日は子供向けのプログラミングクラブ。普段やらないUnityをやりたいということで前日から準備。Cloudにデータを保存してたみたいだけど、Unityのバージョンが合わず読み込めなかった。そのあたりはこっちも知見がないので、対応できない。,続き。Unityは久しぶりにやったので、忘れてることもたくさん。十分なサポートはできなかった。でも自分で学ぶっていう場なので、やったことないことを頼られてもなーって思う。さて、今後に向けてUnityやRobloxを学んでおくべきか悩む。（自分自身としては他のことを勉強したい・・）,
250202,2025/02/02,😊,ユーザー目線がわかった気がする。自分が作った商品のリコールが届いて。,ジャーナリングにMonthlyを追加しようとしてできなかった。でもやろうとしてことを褒めよう。,午前中にタスクを終わらせるとかなり一日の充実度が高い。,
250203,2025/02/03,😣,雪の天気予報。２月だから当たり前といえばそうだけど、１月が暖かかったから体調を崩さないようにせねば。,水曜日の講座の準備をしないとなーって思って、まったく手をつけていなかった。前日にバタバタは嫌いだけど、最近はいつも直前に慌てている。そう思うと、しっかりとそれをタスクにしておくのがいいのだろうか。Weeklyジャーナルでそのあたりをしっかりとタスクにするか。,かそつーの確定申告が終わってない。やばいやらなければ。今年度は取引のたびにちゃんと記録しようと思うけど、毎年そう思っている気がする。,家事をやっていたら、始業開始が９：３０になってしまった。もう少し朝の家事を効率的にやりたいが、手を抜くこともできず。
250204,2025/02/04,😊,１日教育だった。やっぱり自分が講師やってる時間の方が楽しいし、時間はあっという間に過ぎていくね。,明日の中学校への出張について資料を確認した。どこまで指摘するか、何を褒めるべきか、若干迷っている部分はある。まずは褒めて、あとはそれってどういうこと？みたいな感じの問いにしようか。,本業でのセミナー講師を担当。何度もやっている講座なので、特に問題なし。もう少し上手く話せたかなーって思うけど、まああのくらいで良いだろう。,午後は今度は受講側。まあ、あれはあれで良いだろう。
250205,2025/02/05,😊,久しぶりにAppleMusicでハナレグミをきいた。やっぱり良い。,有休を午後休にして早朝に本業をちょろっと。こういう自由な働き方は良い。職制だからできることだけど,中学校でアントレプレナーシップ研修の発表会を聴講した。中学生っていうことと、キャリア教育の一部って考えれば十分な内容。でもどうしても経営コンサルタントとしての視点で厳しめの判定にはなるよね。というか、どれも事業化は難しいと感じたな。,最近はAIラボのセミナーに出れていない。ちょうど家事をしている時間だから。ニンダオのゲーム大会も同様。耳専っていうのもそれはそれでいいな。
250206,2025/02/06,😌,音声配信のテーマに最近ちょっと困ってる,決断。やはり金額的な部分の負担が大きそうだと感じたので、中止とすることに。,さてそろそろ副業で本気を出さないと。結局会社メンバには何も連絡できず。,筋トレしながらの動画視聴は最高。時間を忘れてトレーニングできず。次回もそれにする。
250207,2025/02/07,😊,ゲームナイトに参加。海外プロジェクトだから、ナイトっていっても朝だけどね。,無理はしないのが一番だと思う。罪悪感がないわけではないけど、あれもこれもっていうのは疲れるし苦しくなるし。できるときにできることをやれば良い。,クラファンも経費に参入できるっていうことを初めて知った。広告宣伝の意味合いが強い場合は広告宣伝費。まずはこの路線で行ってみようかな。,
250208,2025/02/08,😌,,だらーっとした日があってもいいな。本読んでアニメ見て。そういう週末があってもいい。,,
250209,2025/02/09,😊,CNPトレカのプロキシカードを作り始めた。,特に何もしない週末だった。ゲームしてアニメみて小説読んで。こういう週末もいいとは思うけど、何もしていないことで焦る気持ちもある。何もしていないから何かができるわけではないけど、なぜか焦る。,本業を全力でやってないのに副業でうまくいくわけではないというのを見た。確かにそうだと思う。本業で気持ちが落ちたところから、副業に対する張り合いもなくなってしまったから。どっちかを頑張って、どっちかがらうまくいくっていうことはないんだろうなと思う。,
250210,2025/02/10,😊,国府宮はだか祭りだった。なぜ寒いのにあの格好ができるのか不思議。,UdemyのAIライティング講座を受講した。AIでここまでできるなんて。。提供されたプロンプトを使えば、「読める」記事は掛ける。もともとの文章能力が低い人は絶対にAIを使ってライディングした方がよい。かなり有益な講座だったので、毎週１記事書いて、Noteにアップしたいと思う。,AIのプロンプトで情報を蓄積する、という技術を学んだ。基本的にはAIとの対話のやり取りで壁打ちのように順番に段階を踏んで深ぼればいいが、情報を蓄積することでよりほしい情報につながる回答を生成してもらえるかもしれないと感じた。これは新しい発見。,INPUTを今日は１つ実施したわけだけど、それ１つでかなりの充実感が得られた。やっぱりINPUTは良い。なんでもいいので、毎日１つINPUTを意識していきたい。
250211,2025/02/11,😊,有休取った！消化される分はゼロ日になった。いい休みだった,ショウさんのAIライティング講座の２つ目を受講した。時間の関係で全部はまだできてないけど、学んでるっていう感じがして非常に楽しい。やはりINPUTがあった方が、気持ち的には良い。もともと勉強することが好きだったからかもしれない。遊びの時間は楽しいけど、何かむなしい気もしてたし、毎日INPUTを心掛けたい。,ショウさん講座でいろんなプロンプトが紹介されてる。たとえば自分でブログ記事を書く場合には、どの順番でやるかっていうのをまとめた方がいいかも。それをGPTSとかProjectsに記憶してもいいかも。手順用プロンプトを作ってみる、とか。,CNPランドの探検ツアーに参加した。みんなでクエストをクリアしたけど、こうやってゲームの中で遊ぶのは楽しい。ゲーミフィケーションが楽しいのも分かる。
250212,2025/02/12,😊,久しぶりにセミナーにちゃんと出ることができてよかった。あとメイプルストーリーのワールドリープもできてよかった。,AIラボのセミナーテーマでAI検索サービスを取り扱った。いろんな検索サービスの比較の結果、やはりFeloがよさそう。UIも使いやすいし、検索結果の妥当性も問題なさそう。いろんなサービスに目移りしそうだが、しばらくはFeloを使い倒してみる。,UdemyのAIライティング講座、２つ目完了。Claudeを使った実践的な内容で有意義であった。引き続き週に１本ずつブログを書いていこうと思う。ブログといってもNote記事だが、ここはWordpressにすべきか考えねば。,Udemy講座で学んだ情報を蓄積するプロンプトを音声配信の原稿を作るProjectsに組み込んだ。AIによって自己解析してくれるとは言いつつ、プログラミングのような自由度はないなと感じた。何度か試してみる必要はある。
240213,2025/02/13,😊,久しぶりにYOUTUBEで動画を見た。たまにはこういう時間もいい。,SNS投稿用のキャラクタを考えていた。おえんちゃんをベースに猫耳をなくしたキャラクター。ショウさんのようにレインボーの髪形とかインパクトある方が良いのかなとか思ったけど、まずはここから。,海外のゲームナイトに参加。同時翻訳はしてるけど、基本何言ってるかわからないから雰囲気で楽しんでる。雰囲気大事。でも事前申し込みのバトルは様子が分からず申し込まなかった。上手な人ばかりなので、次回も参加するかは悩む。,
250214,2025/02/14,😌,また小説を読んで時間を過ごした。どんな時間の使い方が有意義なのか。,早朝から海外ゲームプロジェクトのゲームナイトに参加。ナイトといいつつ、現地側も昼っぽいが、そういう呼び方をするらしい。参加するか迷ったけど、こういうのは参加するとなんだかんだで楽しい。参加してよかった。ラッフルにも当たったしね。,もの補助の事業化状況報告で追加指示がきたが、毎回採択後の追加依頼に疑問しかない。採択までで報酬が支払われているため、この追加依頼は無報酬とも言える。付き合いっていうだけの理由でやる仕事。早々に片付けて自分の時間を確保したい。,
250215,2025/02/15,😌,猫ちゃんが避妊手術で入院中。いらずらっこがいないとちょっと寂しい。,久しぶりに補助金関連の仕事をやった。無償での対応に近いからモチベーションはないが、久しぶりにやると良いものだとちょっと思った。ちょっと。ただ事務的な意味（EXCELを使うという意味）では良いと思ったが、仕事として考えると、やりたくはないかな。,,
250216,2025/02/16,😌,猫ちゃん、入院から帰ってきた。よかったよかった。,イラスト生成用のプロンプトとモデルを試してみた。モデルによって、目の作り方や色の鮮やかさが違う。あと”jitome”のような特殊なプロンプトは生成できるモデルと生成できないモデルがある。なので、要はいろいろあって何を使っていいのか迷うということが分かった。,,
250217,2025/02/17,😌,猫ちゃんとじゃれあった。楽しかった。,明日こそ、やらないといけないことをやる。CoderDojoのリマインド、１９日のセミナーの確認、DYMの仮想通貨確定申告。これを明日こそやる。,,
250218,2025/02/18,😊,次は何のアニメを見ようかな。,前日やれなかったことを一気にやった。やっぱりタスクを消化するのは楽しい。ゲームや遊びも楽しいけど、ミッションやタスクを行うのも楽しいし、ちょっと貢献してるって思えるのが良い。,ドウジョウ関連のアナウンス完了。そういえばマイクラカップのクラファンの応援した。来年度も頑張って運営してほしい。,仮想通貨の確定申告分のうち、ウォレット関連の取引データの整理を始めた。ぜんぜん合わない。今年分はもう少し何とかスムーズにやりたい。。。
250219,2025/02/19,😣,断るって難しいなー。,補助金の仕事を受けてしまった。金銭的にはどんどん受けたほうが良いんだけど、辛いのがわかってるから辛い。そして本当は断りたかったんだけど（せめて、前の案件の報酬が確定してからにしたかった。気分的に）断るっていうのが非常に難しい。いつもそうだけど、そこをはっきりと断る勇気がほしい。,補助金案件が入ってくるとそれに時間が取られるので、いままで以上にタスクを効率的にこなしていかないと。まずは確定申告、補助金の情報が入ってくる前に終わらせたい。あとは、チラシ印刷の依頼と、今回の補助金の公募要領を読み込まないと。,
250220,2025/02/20,😌,明日はいろいろとやりたい。・補助金の公募容量を読む・仮装通貨確定申告のETHチェーン以外の準備を終わらせたい。,昨日の補助金の案件は、正式に受けることとなった。ただしヒアリングはクライアントに任せて、こっちは書類作成のみ。ヒアリングした方が書きやすいような気もするし、お客さんとの接点を作りたくないっていう気持ちもあるし。久しぶりの書類作成のみ。がんばろ。,ラクスルを使ったチラシ印刷。無事に入稿完了。特に難しいことはなかったな。15分くらいで終わるし、ずっと放置してた時間の方がもったいなかった。思ったときにすぐやった方がいいと改めて感じた。,
250221,2025/02/21,😊,仕事・ゲーム・副業と忙しくなってきた。精神的に弱い部分が出なければいいな。,補助金業務について。省力化補助金の公募要領を確認した。ほぼもの補助だが、数値計算がすこし面倒な感じがある。そのあたりは使いまわせるシートを作成したい。あとClaudeにて事業計画書を作ってもらうということを試した。思った通りかなりいい。ただしClaudeのチャットの行数に限界があるため、その工夫が必要になってくる。Projectとするか、ショウさんの講座のように部分部分で区切ってチャットを分けるか。,本日も相変わらず仮装通貨の確定申告の準備が進まず。というかやらなかったな。。明日はETH以外の取引データのまとめをやりきる絶対。,PlanetAtmosのゲームナイトに参加。アーりーモーニングだったけど。参加すること自体には慣れたので、あとはコメントとかでもっと盛り上げたい。
250222,2025/02/22,😌,猫の日だった。最近は夜寝るときに布団に入ってきてくれるので暖かくて良き。,仮想通貨の確定申告データの取得も終わり、昨年の税金が確定した。昨年の２倍・・・支払うお金をどう見繕うか考えないと。,確定申告準備の時間を減らすためには、やはり日々の記帳が必要。時間の削減っていうこともそうだけど、常に収支を把握するために、損益の確認をしておくほうが、税金的にもきっといいはず。,省力化補助金、すこしずつ輪郭がはっきりしてきた。まずは骨子を作成したい。
250223,2025/02/23,😊,週末が終わってしまったなー。そういえば、あまりゲームをやらない週末だった。これではいけない！,ドウジョウを開催。参加者多数だったが、メンターさんの協力のお陰で無事に完了できた。本当は開催レポを当日中に作りたかったができなかった。月曜日中に作成する。あと、参加者のモラルを上げたいなと思う。お金を貰っていないメンバで運営しているので、妨げになるようなことはやめてほしい。,仮想通貨、25年のウォレットの取引データをまとめたいと思っていたができず。これも月曜日中のやることタスクにする。,省力化補助金、たいぶ輪郭が見えてきた。申請書が公開されたので、数字のマジックを行う必要があるが、信憑性のない数字ではダメなので、そのあたりの塩梅が難しそう。ここはAIさんに活躍してもらうところだな。
250224,2025/02/24,😊,良き時間の使い方ができた１日だったと思う。少し小説を読む時間を減らしたのがよかったか。,省力化補助金、Claudeに参考様式や参考記入ガイドを新たに入力。「事業計画書作って」の指示での精度や完成度がすごく高くなった。Wordの文章やEXCELのセル内容も完ぺきに読み込んでいるみたいで、優秀すぎる。明日は事業計画書を一度全部を埋めてみる。,Claudeの入力データについて、機密の関係上、学習に用いられないことが分かった。安心してどんどんとデータを食わせることができる。,来年の確定申告に向けて、仮装通貨の取引データの現時点までのまとめが完了した。今後は週１のペースで取引をまとめていく。ただ、やはりチェーンが多くなるのは大変なので、絞っていきたい。ETH、POL、AVAX、BASE、Arbitrumくらいか。あとSOLチェーン。
250225,2025/02/25,😊,夜眠れていないからか、偏頭痛が辛いな。,補助金の事業計画書作成。AIを活用して作成。一通り全体を作ってみたが、やはり精度という点では人間による手直しは必要。でもその手直しもAIに指示して作ってもらう。徐々に良い文章になってきている気がする。,AIによって文章を作るのは良いが、どうしても制限に引っかかってしまう。文章を区切って生成させるなど、使うための工夫は必要だと感じた。,仮想通貨、やはりハイリスク・ハイリターンだ。というか、ハイリスクしかないね。
250226,2025/02/26,😣,毎日ちゃんと書こう、補助金もジャーナリングも。,補助金その１は、図や表を挿入し、事業計画書の形を整え始めている。AIで作った文章を下に作っているが、やはり違和感はある。どうしても。あとは、それどこから持ってきたのっていう情報もあるので、問われたときに答えられない。でも自分でまっさらから作るよりは断然早いんだけど、でも納得のいくものにするには、やっぱり自分の目を入れないといけなさそう。,補助金その２を受けてしまった。お金的には受けたほうがいいんだろうけど、補助金自体も博打みたいなもんだしなー。あと時間的にはあるはず。でもそのせいで、またプレッシャーが上がってきた。逃げたくなる気持ちがいっぱい。,
250227,2025/02/27,😌,休むことも必要。,補助金、小休止の日。眠れなくなったのもあり、この日は何もしない日にした。やっておけばよかったと後悔するだろうなと思いつつ。明日はその１その２を日中に一通り作りたい。,,
250228,2025/02/28,😣,いまからゲームやるか悩む（眠たい）,補助金その１、ちょっと焦る。時間が思うように確保されない。というか心の問題で逃げ出したい衝動に駆られるため、時間確保できてない。家事やらにも時間が取られ思うようにできていない。まずは本日は１ページ分できたので、明日はその１その２を作りきりたい。,補助金その２、情報提供を受けた。ただし情報が出てこないので、創作が必要。でもその場合だからAIが活きてくるかも。ちょっと楽しみ。,そういえば昨日本業の面談。小康状態であることを伝えた。特筆すべきことは特にない。
250301,2025/03/01,😣,なんかモチベーション上がらないな。それを理由にするのは良く無いけど、でもそれが作業に影響する。何かテンション上がることないかなー。,補助金その１、訳が分からなくなってきた。AIを使いすぎなのか、モチベ低下で集中できずに進んでいないのか。AIが作ってくれてるから、文脈の前後関係は完璧。でも採択される気がしない。やはり人間の手による手直しは大事なのか。,補助金その２、アウトラインを顧客と共有することで合意。必要な情報をAIに突っ込んだら、あっという間にアウトライン完成。ここまでをAIにしてあとは人間の手作業が良いのか。,
250302,2025/03/02,😊,プロフィール写真撮影。七五三の子供のようにたくさん褒められた。恥ずかしい。。,補助金その１、明日打ち合わせかな。骨子提出により、追加ヒアリングが発生する模様。ただ、そのヒアリングをやりたくないから事業計画書の作成のみということにしたんだけどな。これはたぶん無償だろうしな。いやだいやだ。,補助金その２、ラフ版を作って提出。全編AI。これを基に作り進めていくが、補聴器業界は全く分からず、先方の意見無しに作り進めてもなーという感じ。,
250303,2025/03/03,😌,追加ヒアリングが憂鬱だった,補助金その１、翌日のお客さんとの追加ヒアリングに向けて資料をまとめる。AIを使っているからか、あんまり頭に入ってきていないのも事実。いい面もあれば悪い面もあるのかなー。,補助金その２、進展なし。クライアントにはラフ版を提出。回答が来るまでは補助金その１に注力するか。クライアント的にもその方がいいな。,確定申告完了。やっぱり計算方法に納得がいってない。利益５万で税金が１４万って、どういうことだろうか。来年は一度手計算してみたほうがいいな。
250304,2025/03/04,😊,ゆるりゆるりと。,補助金その１、追加ヒアリング。始まる前は異常なくらいに緊張した。過去のトラウマがあるかもしれないな。克服のためには、数をこなすのが一番かな。,補助金その２、特に音沙汰なく。明日連絡する。,
250305,2025/03/05,😊,補助金やらねば。。。,補助金印刷会社、（その３）を書いてみる。書いてみると分かることがあるし、追加で聞かなければならないことも把握できた。あと機械メーカーにもメールした。早く返答がほしい。そういえば設備合計5000万円くらいになるといってたな。新しい見積書を貰ってもらわないと。,補助金補聴器会社、音沙汰なく。とりあえずはその３でも書いてみようかな。,少額減価償却費の計上について、事務局に問い合わせてみた。こちらも回答を早くほしい。
250306,2025/03/06,😊,Twitchでゲーム画面を配信してる！声は出してないけど、ちょっと前まででは考えられないことをやってる！,補助金印刷会社、その１その２の大項目２まで書いた。明日には２以降も書きたい。大項目２と３を書き上げる。ただし、導入システムが定まらないのはなー。計算とかやり直しになるし困った。あと文章が多いから、書き上げたあとで８０％くらいにしようかな。,補助金補聴器、音沙汰なし。待ちだなー。,
250307,2025/03/07,😌,こういう追い詰められた時に逃げたくなるよね〜,補助金印刷会社、今日は何も手を付けず。やばいやばい。週末で必ず仕上げる。,補助金補聴器、音沙汰なく。オーダーメイドっていう点をどこで出すか迷ってるらしい,
250308,2025/03/08,😣,ダラダラしてしまった…,補助金印刷会社、やっばい進められなかった。日曜には必ずその１その２を終わらせる。AIを使うとやはり冗長な部分が出てくるなー。,補助金補聴器、まったく進展なく。企業さんからの情報待ち。,明日、ドウジョウのアナウンスをする。
250309,2025/03/09,😊,昨日は早く寝た。やることやって今日も夜はゆっくりしよう。,補助金印刷会社、その１その２の３章まではまとめることができた。損益計算についても、AI判断では整合は取れているとのこと。ただし１年目の売上アップは大きすぎるので、少し調整する。,補助金補聴器、音沙汰なし。作り始めるか迷うな。ちょっと今日はラフで作ったものを読んでみるか。,ドウジョウのアナウンスは完了。新規の方が次回は２組くらいいるみたい。
250310,2025/03/10,😆,ちょっとでも仕事が片付くと心に余裕がでる。まあすぐにその余裕も埋まっちゃうんでしょうけど。,補助金印刷会社、一通り全部書ききった。質問を２つ投げてるけど、そこまで全体を見直さないといけないような質問ではないので、ここから最終チェックをしていく。チェック内容としては、・全体を目視でチェック・AIによるチェック。そして審査担当の人とも連携を取る。週末にはチェックしてもらえるように進めたい。,補助金補聴器、音沙汰なし。とりあえずラフ版を読んで内容を思い出すところから。,次男氏のスマホの準備を進めていく。まずはGoogleアカウントの作成から。
250311,2025/03/11,😊,Twitchで配信した。今回は自分の音声も入れてみた。でも同じコースをプレイしただけだから、ぜんぜん音声入れても盛り上がらない。ずっと実況プレイしている人のすごさを知った。,補助金印刷会社、セルフチェックまで完了。審査項目と照らし合わせて、AIがOKくれた。今後審査に回す。いつ審査に出すといいかって悩むね。たぶん今作ったものをもの補助の打ち合わせでお客さんに見せるのかな。それを待ってからでもいいな審査に出すの。,補助金補聴器、音沙汰なし。とりあえず企業理念とかを作っていくか。補助金印刷会社の算出シートに過去３期分のデータを埋めていくところからやってもいいな。だから明日やるのは、・いまのラフ版を読む・算出シートに過去分の決算書反映、これにしよ。,仮想通貨のデータを集計した。１週間分。ETHを買ってみたけど、どうなるかなー。
250312,2025/03/12,😌,金曜日３時からのゲームナイトに参加するか迷ってる。,省力化印刷会社、帳票が変わったので作り直し。報告時期の考え方も変わったので、数字も新たに作り直した。ちょっとした不安としては、給与支給総額を達成できなかったときの補助金返還。これを達成できなかったときの責任はこっちにはないと思いたいけど、どうなんだろうな。,省力化補聴器、音沙汰なし。とりあえず今日は印刷会社の算出式を参考に、数字作りをやっていく。,もの補助印刷会社、ヒアリングは来週ってことで導入する設備からイメージを膨らませておく。
250313,2025/03/13,😌,また新しいゲームを始めた。Fujinさんが紹介してくれたゲーム。まあまあ面白い。,補助金印刷会社、審査担当へ提出。こまめに帳票が変わるのが嫌だな。初の補助金ということもあって、どんな感想を持たれれのか不安。,補助金補聴器、算出シートを作る前に補助金印刷会社で作ったものを整えておこう。お客からは音沙汰なし。変わらず。本当に申請できるのだろうか。,もの補助印刷会社、経営革新はArrowSにて対応。来週ヒアリングなのでまち
250314,2025/03/14,😌,なんかストレスのたまる一日だった！,補助金印刷会社、審査に出して結果待ち。,補助金補聴器、決算書の情報を入力した。非常に細かくて、事業の内容になってどの項目をどう下げる・あげる、というのを考えるのが大変。もっと大枠で考えればいいのかな。あとはAIさんに任せよう。やはりやりたいことはあまり補助金向きではなかったので、創作活動になりそう。AIに任せるか～。,
250315,2025/03/15,😌,このタイミングでダラダラしてしまった。せめてだらけるにしてもゲームとかでだらけたかった。,補助金印刷会社、審査待ち。ドキドキ。というか心配で不安。動悸息切れ。,補助金補聴器、少しやった。でも少ししか出来なかった。まあいっかーの精神がこの締切間際に来て、追い込まれてしまった。ひとまず計画的に。まずは今日は１−３まで作り切る。もう少し補助金の目的に沿った流れにしたい。,ドウジョウ、明日開催。前日連絡は完了。この開催レポートをいかに短時間に早く作るかが、日曜日の肝な気がする。AIを駆使しつつ、「書きすぎない」ようにしよう。
250316,2025/03/16,😌,今からゲームゲームゲーム！,補助金印刷会社、審査まち。気分は重たい。,補助金補聴器、予定していた一章は疲れた。明日は２章を作る予定。できれば３章までいきたい。,ドウジョウ、レポートすぐに書き上げた！良かった。
250317,2025/03/17,😊,いやー、ほんととりあえずだけど計画書が書けてよかった。,省力化印刷会社、メーカーから連絡を受けて計画書を一部更新。大きな影響は無し。審査も明日までには実施される模様。もう１つのが出来上がったので、心の余裕ができた。,省力化補聴器、一通り完成。良かったなんとか仕上がった。いまからざまさんチェックとお客さんとの打ち合わせ。ほぼ妄想みたいな計画書だから、何を言われることやら。でも出来上がったほんと良かった。,もの補助印刷会社、審査前にここも手を付けていかねば。明日は公募要領を読む。
250318,2025/03/18,😌,明日は卒業式！,省力化印刷会社、審査が終わりその修正も完了。明日AIによる整合チェックや自分での読み直しをして、金融機関提出に向けて連絡する。,省力化補聴器、印刷会社の審査を経て、大幅に記載を追加する必要がある。これを明日対応する。,
250319,2025/03/19,😊,明日やること。子どものスマホの設定と家計簿を付けること。あと副業の収支を付けること。,省力化印刷会社、銀行に提出するための事業計画書は完成した。審査結果も反映済み。AIに判定してもらったら、思わぬ指摘が出てきて、それも反映した。AIチェックだと毎回問題ない、という判定だったけど、同じプロンプトで何回もやってもいいなって思った。,省力化補聴器、明日のメイン。まずは印刷会社との比較をして不足分を補うことをやる。それよりも前に、人件費の上げ幅の修正をする。事業計画書に現れない部分については人件費や従業員数を増やさないようにする。そして、５年間できれいに3.1％という計画にする。,別の拠点からプログラミングの講座の要請。悩ましい。一度話くらいは聞いてみようかな。
250320,2025/03/20,😌,少しだらっとした。子どものスマホの設定を早くしないとな。,省力化印刷会社、進展なし,省力化補聴器、１−３まで見直し完了。（その３）も見直したが、これはその１その２が出来上がった時にまた判断する。明日は２以降を完成させる。,みんなのカフェからの依頼。悩ましいな。明日話しを聞いてから判断しよう。判断の基準としては月１回。木曜日。時間は１時間半、かなー。
250321,2025/03/21,😊,とりあえず１週間終了。週末はスマホの設定、社協の資料作成、あと補助金の審査かな。,省力化印刷会社、業種コードの再入力が必要。あと賃上げは2.0％のままでいいかなー。お客に聞いた方が良いけど、まあそのままでいいかって思っちゃうな。,省力化補聴器、印刷会社の審査結果を反映した。あとは25日の打ち合わせまでは特にやることはない。,みんなのカフェ、出張ドウジョウの件。こっちの言い値でよさそうな感じ２か月で１回くらいで提案しようかな。薄く関係性を構築しておく。
250322,2025/03/22,😌,体調を崩した！,省力化印刷会社、やはり給与の要件については再修正や再確認が必要となる模様。公募要領も分かりにくいし、理解できていない人も多いと思う。でもそんなときもAIさんはそれをちゃんと読み解いてた。すごい。,省力化補聴器、指摘事項が届いたので、これは明日反映。修正ポイントは３か年とするところと、５フォース分析を追加することかな。,ドウジョウ関連、いまからメンターさんへのアナウンス、みんなのカフェへ連絡、リマインドメール送信、かなー
250323,2025/03/23,😊,子どものスマホの設定は完了。あとは他の家族から使い方を学んでくれ〜。,省力化印刷会社、給与支給額の件を事業者さんに聞いて、その回答が届くまでは待ち。たぶん修正することになるから、そのタイミングで他にも直したいところを直す。,省力化補聴器、指摘事項の反映完了。こちらも２５日の打ち合わせまでは待ち。,
250324,2025/03/24,😌,FIREでAI活用の話が出ている。自分の仕事を奪われるかもしれないけど、それよりも先端技術を活用すべきだと思う,省力化印刷会社、なんかモヤモヤが残る感じ。水曜日にお客様チェックが終わるので、木曜日勝負。,省力化補聴器、火曜日にお客と打ち合わせ。方針が決まる予定。オーダーメイド性と、給与の増加％が肝。印刷会社が木曜日山場なので、水曜日までにこれは終わらす。,もの補助印刷会社、ヒアリングシートを受領し、とりあえずAIでたたき台を作った。これを様式に反映して、審査項目と照らし合わせたのちに、追加ヒアリングを実施する。
250325,2025/03/25,😊,PlanetAtmosはちょっとマンネリなので、明日はログインボーナスをゲットするくらいにする。RiftStormは昨日ちょっとやったけど、面白いね。,省力化印刷会社、水曜日に顧客チェックが終了し、木曜日中に指摘事項を反映させる,省力化補聴器、顧客との打ち合わせ完了。大幅な指摘は無し。ここまでよくぞ調べたといわれた。AIの力なんですけどね。指摘事項は明日反映させる。まだ給与の件は回答ないので、ここまでの指摘事項を明日のAM中に必ず仕上げる。,もの補助印刷会社、ひとまず作ってみたところまで。基準年度の考え方が定まったので良かった。明日の午後に一回事業計画書に反映してみる。雰囲気を見てみる。過去の計画書と照らし合わせて不足しているところを検討する。
250326,2025/03/26,😌,ゲームをもう少しやりたかった！,省力化印刷、音沙汰なし。,省力化補聴器、給与支給総額以外は修正完了,もの補助印刷、打ち合わせしたくらい。分量が課題かな。
250327,2025/03/27,😊,とりあえず、省力化が終わりそうでよかった。,省力化印刷会社、お客チェックも完了し問題なしとのこと。申請は31日になるのでまだ気は抜けないけど、とりあえず終了だ,省力化補聴器、ここは賃金アップ率の回答なし。なので、ぎりぎりまで対応が必要。,もの補助印刷会社、次の土日からスタートさせる。まずは追加ヒアリングの洗い出しから
250328,2025/03/28,😭,いやになったなー。,省力化印刷会社、泣きたくなったなー。この反省としては、役割分担が明確じゃなかったこと。他責他責と思おう。,省力化補聴器、このゆるい感じがやっぱりいいな。それがないと生活できないわけではないから、採択率よりもこういうのを優先したいな。,もの補助印刷会社、早めに数字だけは合意とるか。週末に骨子を作成。4/1になったら試算表をフォローする。フォローさせる。
250329,2025/03/29,😌,心が揺れ動き過ぎで辛いな,省力化印刷会社、現時点ではどうなっているかわからず不安。恐怖でしか無い。,省力化補聴器、賃上げ加点の情報を織り込んで事業計画書を作成。いったんは終了かな。,もの補助印刷会社、やりたくないモチベーションが高すぎる・・とりあえずは今日は要件を確認する。
250330,2025/03/30,😣,体調不良で寝込んだ一日だった。明日が恐怖。,省力化印刷会社、明日が最終。明日を迎えるのが怖いという感じ。学んだことは特になし。そう思える。ただ次回からは（もう受けたくないけど）早めに動こうと思う。,省力化補聴器、明日が最終。こっちはまあ仲介がしっかりしてるから、安心。何かあれば修正するが、どういう指摘が来るかは予想ができるので落ち着いて対応する。,もの補助印刷会社、無くなりそうだな。省力化の電子申請が終わったら、攻勢を掛けていく。主に依頼されない側で。
250331,2025/03/31,😊,省力化が終わってよかった〜,省力化印刷会社、申請完了。ここまで！,省力化補聴器、申請完了。ここまで！,もの補助印刷会社、試算表をもとに賃金simを作成。ここからは仲介会社の仕事。案件として確定してから再開する。
250401,2025/04/01,😣,自分と合う人、合わない人は明確にした方が良いよね…,もの補助印刷会社、やるのかよー。どう考えたってマイナスじゃん。補助金使わない方がプラスじゃん。経営者だと、考え方が違うのかなー。とりあえず、今日は給与の件を確定、骨子の完成を目指す。,もの補助はなぶさ、今日ヒアリングみたい。,
250402,2025/04/02,😊,子どもが本日より塾に。問題なく通ってくれそうだ。,もの補助印刷会社、骨子作成完了、追加ヒアリングをお客さんに投げた。現在は試算表を元に、数値計画を作成中。明日には完成させる。そして、一通り事業計画書を埋める。,もの補助プラスチック、情報待ち。,やはりアクションすると良い。
250403,2025/04/03,😌,CNPトレカ関連、イベントのボランティアに挙手。少しずつ理解を深めていこう。まずは開封しなければ。,もの補助印刷会社、数字計画は完成。一通り文章も作成。点数でいえば５０点くらい。まだまだな部分はあるけど、でも自分でゼロから文章を作るのと比べると圧倒的に効率的。明日は４くらいまでの見直しを完了させる。,もの補助プラスチック、情報なし,
250404,2025/04/04,😊,昨夜のゲームナイトの影響か、もしくは薬のせいか、眠い・・・,もの補助印刷会社、④までの清書完了。土曜日に⑧まで文章を作成。日曜日に添付ファイルを作る、この計画で行く。,もの補助プラスチック、月曜日まで動きなし。,CNPトレカ、やっと１BOX開封した。キラキラのカードが出るとテンション上がる。
250405,2025/04/05,😌,CNPトレカの開封ができなかった！,もの補助印刷会社、一通りは作ったけどまだまだ。今後ブラッシュアップ必要。あと追加ヒアリングの再依頼もしないと。,もの補助プラスチック、保留中,
250406,2025/04/06,😌,子供部屋がすっきりした。,もの補助印刷会社、いろいろ反映。特に計画数字面。そこは終わったので、別紙資料を明日仕上げる。スケジュールを書くのがちょっとめんどい。,もの補助プラスチック、進展なし。,道場関係、明日リマインドを送る。そういえば、そろそろマイクラカップ事務局と連携取った方が良いか。
250407,2025/04/07,😌,iPhoneを購入、設定をしないと。,もの補助印刷会社、今時点での仕上げはできた。一通り完成。とはいえ、お客からの回答待ち。回答に時間がかかると思って動いた方が良いけど、最速での対応だとも思うし・・,もの補助プラスチック、情報なし。社長は申請する気まんまん。ただし相みつが取れるかどうかというところ。遅くとも金曜日くらいまでには情報をそろえたいと思う。,道場関連、やばいやってない。明日はまず道場関連の対応をやらねば。リマインドメール、市役所へ行く、メンターにアナウンス、年間報告をまとめる。
250408,2025/04/08,😌,思ったよりもできないことが多い。家事はほんと大変・・・,もの補助印刷会社、特に進展はないかな。追加ヒアリングの結果待ち。それがきたらすぐ対応して、審査もろもろに出す,もの補助プラスチック、やることで決定。10日にヒアリングがあって、次の土日はこの案件でつぶれるかな,道場関係、リマインドメールは送ったけど、それくらい。明日市役所に行くのと、年間の報告書を作るのと、みんなのカフェへ連絡するのをやる。
250409,2025/04/09,😊,デスク周りの整理片付けをした。QOLあがりまくり。あとは、PCスタンドと、マイクスタンドを設置して、トラックボールマウスが届いたら一旦の完成！,もの補助印刷会社、回答なし。無いならないで平穏なんだけど、あとでどさっと回答来るとしんどい。早く終わりにしたい。明日にはたぶん回答が揃うから、明後日の金曜日勝負だな。,もの補助プラスチック、あすヒアリングとのこと。情報をまつ。,ドウジョウ関係、あとは年間の報告書作成くらい。明日これをやる！
250410,2025/04/10,😌,CNPトレカを４BOＸ開封したが、パラレルは出ず！残念。。。,もの補助印刷会社、前日回答来ていたものを反映した。あとは賃金関連の回答が揃ったら、最終の仕上げができる。仕上げることができたら、そのまま審査担当に渡す。,もの補助プラスチック、ヒアリングが終わったということで、明日の内容を教えてもらう。可能なら明日中にClaudeのプロジェクト作成から一回出力してみるところまで行いたい。,ドウジョウ関連、明日年間報告書を作る。
250411,2025/04/11,😊,CNPトレカ、できなかった！まずは１カートン開封するところから。,もの補助印刷会社、クライアントから回答が届いて、仕上げた。審査にも回したから、次のステップは審査後の修正。それが終われば、クライアントチェック。,もの補助プラスチック、ヒアリング詳細が分かった。次のステップはClaudeのプロジェクトを整えること。これを土曜。あと決算書が届いたら、最優先で賃金計画を作ること。これは月曜かな。,ドウジョウ、年間報告書作成まで完了。ひとまずの宿題は完了。
250412,2025/04/12,😊,今日はしっかりとAIについて学ぶ時間が作れた良かった！,もの補助印刷会社、現在審査街中。それが終わり次第、修正反映する。ただし、文字数制限がさらに厳しくなるということで、ここは情報待ち。待つのみ！,もの補助プラスチック、Claudeでプロジェクトを作成し、１回事業計画書を作ってみた。そのうえで、追加ヒアリングが必要そうな箇所もピックアップし、先方に質問として投げた。回答待ち。,FirebaseStudioを体験してみた。これは楽しい。時間が溶ける。テトリスを作ったが、３０分くらいで作成できた。ドウジョウで紹介しようかと思う。とはいえ、ワークスペースが３つまでということで、ちょっと課金しても良いかと思った。
250413,2025/04/13,😊,今週は火曜日に出社すると考えると、気が重たくなる・・・,もの補助印刷会社、審査待ち。文字数が超えているので、審査結果の反映を行う際に、一緒に文字数削減する。それが終わり次第、クライアントチェックに回す。,もの補助プラスチック、追加ヒアリングの項目をまとめて確認中。あと、社内の写真ももう少し要求したい。待ち案件としては他に決算書。決算書が届き次第、給与支給総額の確認をする。,CNPトレカ、１カートン分は開封完了。２カートン目はまたいずれ。１カートン目の横スリーブ入れが終わったら、デッキ組んでみようかな。
250414,2025/04/14,😣,トラウマは克服せず逃げるが勝ちだな。,もの補助印刷会社、前回の省力化のことがあるから、なんかちょっと心がざわついた。完全にトラウマになってる。絶対に次回は仕事を受けない。,もの補助プラスチック、５までの清書は完了。とはいえ、設備のカタログもないし、決算書も無いしで、届き次第大幅な修正が必要だけれども。,
250415,2025/04/15,😊,誕生日でした。,もの補助印刷会社、審査結果の反映完了。また文字数の圧縮も完了。Claudeによるチェックも完了。残りは最賃の記載のみ。１年目〜３年目の計画の立案方法は分かったので、あとは基準年度の最賃を聞くだけ。,もの補助プラスチック、事業計画書は一通り作成した。設備の情報がたぶん間違っているため、そこを修正必要だが。あとは追加ヒアリング結果が返ってくるのを待つばかり。,久しぶりに会社へ行ったが、違和感はそんなに無かった。次は来週の火曜日に行く。
250416,2025/04/16,😌,テンションがあまり上がらなかった。今日はなんでかは分からなかった。,もの補助印刷会社、最賃の回答が来て仕上げて完了。企業さんに確認依頼中。どんな指摘が来るのか怖い。本当は常に質問をし続ければいいんだろうけど、それもできない関係性。もう二度と受けたくない。,もの補助プラスチック、上の案件に引っ張られてる。とりあえず給与の上げ幅についてはお客さんの確認待ち。追加ヒアリングの結果が返ってきてるから、明日はそれを反映することと、売上計画を考えることをやる。給与の件は仮置きする。,
250417,2025/04/17,😌,娘と息子の部屋の家具を作る。重労働だったけど、いい気分転換になったなー。,もの補助印刷会社、先方の確認期限は明日。どう返ってくるのか怖い恐怖いやだ。,もの補助プラスチック、一通り完成、給与の件は回答無いので仮置きで収支計画も作成。その内容で事業計画書も作成。明日は補助資料を作りつつ、上の印刷会社の回答を待つ。,
250418,2025/04/18,😌,AI関連のサブスク、どうしよかなーって考えてる。いまのところはFeloとGeminiとClaude。もの補助終わったら、Geminiを使い倒してみる。Feloは補助金やるならあってもいいサービス。,もの補助印刷会社、いけないなーと思いつつ、どんな指示が来ても、いらっとしてしまう。あと１週間のお付き合い。それを超えたら解放される。,もの補助プラスチック、現時点である情報では仕上げてお客様に提出中。たぶん仲介コンサルのチェックも週末には終わるだろうから、それを修正して。あとは写真を求めているのでそれをもらって貼り付け、あとは給与支給の件の回答を貰えたらそれを反映する。,
250419,2025/04/19,😌,ラグナロクオンライン、複数アカを同時に実行中。楽しいけど、これは楽しいのか、その仕組を触ってるのが楽しいのか。,もの補助印刷会社、連絡はなし。月曜日に来て慌てるパターンかな。いやだな、憂鬱だな。,もの補助プラスチック、こちらもチェックまち。あと写真と給与の件も情報待ち。,GeminiというかGoogle Advanceに課金開始。早速Deep Researchをつかってみたが、レポートがすごすぎる。いままでの補助金でやってたリサーチを使ってみるか。
250420,2025/04/20,😌,鎧カードスリーブ、聞いた通りカードが５枚入った。保管はこの形だなー。,もの補助印刷会社、クライアントからの返信なく。「問題なし」の回答が欲しい。,もの補助プラスチック、音沙汰なし,GeminiはGoogleWorkspace経由で使うのが機密上安全そう。じゃあ、ということでGeminiやFeloを使ってAdvanceとWorkspaceで何が違うか調べる必要あり。
250421,2025/04/21,😌,ラグナロクランドバース、３アカウントを並行してプレイできるところまで、VIPシステムをどうするかなー。せっかくだしやってみるか、経験経験。,もの補助印刷会社、システムへの入力まで進んでいる模様、補助事業の売上高が未入力なので、明日そこを修正して申請するんだろうか。そもそも事業計画書に対して、問題が有ったのか無かったのか不明。それくらい連絡をしてほしいと思うが、そういう申し送りしていないこっちも悪いのか？,もの補助プラスチック、連絡なし。明日が本番かな。,ー
250422,2025/04/22,😊,ラグナロクランドバース、転職まであと少し。,もの補助印刷会社、明日最終申請。なにも言われないといいな。あと付き合うのも１日のみとしたい。,もの補助プラスチック、写真が届けば完成する見込み。,
250423,2025/04/23,😌,あと２日でGW。その前にもの補助の〆・・・,もの補助印刷会社、結局どうなったのか。早く連絡欲しい。,もの補助プラスチック、25日昼には申請予定。待ち。,Gemini、GoogleWorkSpaceとの接続は完了。Googleドライブのデータも見れてはいそう。ただし思ったようにできない。ドライブに置いてるテキストの中身を見たり見なかったり。このあたりは誰か先生になってほしい。
250424,2025/04/24,😊,あと１日！,もの補助プラスチック、明日お昼には終わる予定。これが終われば今回のもの補助終了。明日のやることとしては、次の補助金の公募要領を調べること。,GeminiのGoogleドライブ接続について色々実験。ドライブでは網羅的に全てのファイルを参照するのではなく、Googleって感じで検索をしている模様。その検索では30件が限界のため、100件のファイルがあったとしても全ては閲覧できない。なので、検索してヒットした30件の情報で対応するか、ファイルを統合する必要がある。音声配信の原稿づくりのGemを明日つくる。,ChatGPTに再課金。イラスト生成を楽しんでるけど、かなり精度上がった気がする。明日もまた勉強する。ただ、いろんなサービスの切り分けが必要だなと思う。
250425,2025/04/25,😊,ゲームばかりやってしまった〜。そして今日は最終日だった。明日からGW。,もの補助19次終了。次の補助金に向けての調査ができなかったので、明日行う。,,
250426,2025/04/26,😊,ドウジョウは無事に終了。ただマイクラができないときはRobloxを進めるのが導線としてはよさそう。,補助金のことは何も調べず。ただ４つくらいの補助金が同時にいま走っている。積極的に声をかけていこう。稼ぎ時だ。," Veo 2の動画生成はすごい。テキスト指示でアニメができてしまった。このままやれば３分アニメくらいできてしまいそう。。どうやら個人のＧｅｍｉｎｉadvanceにはVeo2がモードとして追加されている模様。早くGoogle workspace側にも実装してほしい。",明日はAI関連の勉強。過去セミナーの動画視聴して、あとはChatGPTのタスクっていうのを使ってみる
250427,2025/04/27,😊,特になにもないはずなのにモチベ上がらず・・・ROのせいな気もする。,補助金関連の次の案件に向けて調査を開始。ただ実際にやるって決まらないと本腰は入れられないな。こういうのが公募始まってるっていう感じにとどめておいて、案件が決まったら本格的に調査開始しよう。,chatGPTのGPTsを触っている。人に配布するにはGPTsはやっぱりいいね。自分で考えようって思うとアイディアがないため、まずは人の真似でいいから作ってみる。明日１つ作ってみる。,CNPトレカ、１人デュエルをやってみた。意外にも楽しかった。あとどれくらい１人でやれば、オンライン対戦できるかな。
250428,2025/04/28,😊,明日は仮想通過関連や副業の会計ソフトへの入力をやらなくては。,ChatGPT、GPTsを２つ作ってみた。AIラボのセミナー動画を見ながら１つ、そして、それを参考に自分でも１つ。Google AI Studio でプロンプトを作り⇨ChatGPTでGPTs化、この流れでいく。Google AI Studio じゃなくてGeminiでもいいが、使えるサービスは複数あると良いと思うから、この流れ。Google AI Studioは他にVeo2でも動画生成をやっていきたい。,Geminiは本日はやれず。早めに音声配信原稿の作成をGeminiに移行したい。なので明日はUdemyのGemini講座を勉強しよう。,
250429,2025/04/29,😊,比較的おだやかな１日だったな。積み案件を解消出来たのはいい。,法人の決算処理、代表から問い合わせがあって、それを整理しながらChatGPTに相談しながら解決した。こういう使い方も良いなーって思った。適当な感じで情報をポンポンと入れていってもちゃんと整理してくれるので良い。,,
250430,2025/04/30,😆,トレカ楽しい！,CNPトレカ試遊会に参加！大阪までやってきた。家族を置いてっていう罪悪感はありつつも楽しんだ。ゲームのルールも覚えることができたので、これからまずはオンライン対戦を楽しみたいな。,,
250501,2025/05/01,😊,大阪旅終了。また１週間後に東京へGO,万博へGO。あんまり期待もしていなかったし、ちょっと敬遠してたけど、行ったらすごく良かった。流行ってるところは避けたい心理は働くけど、やっぱりいいね。,,
250502,2025/05/02,😊,今日もだらだらした・・・,主に確定申告準備を進めた。個人の事業については、仕分けの方法をAIにサポートしてもらった。適切な回答で助かった。,仮装通貨の仕分けについては、AIに聞いているところ。GPTSとGASを使うのが良さそうだけど、もうちょっと聞いてみるかな。,
00*,,,,,,
250503,2025/05/03,😊,という感じで好きのパワーに触れた１日だった。,好きのパワーってすごいなって思った。トレカはデッキを組み直すと当然スリーブはばらばらになる。で、スリーブを組み替える必要があるけど、それはそれで結構めんどい。と思ったけど、ポケカ玄人の次男は、それが苦にならないとのこと。好きとか、それがルーチンのように身についてるってすごいパワーだなと感じた。,上の好きに関わるけど、ゲームも好きな人は本当にすごいって思う。私はにわかゲーマー。流行ってるから遊んでみるか、経験として遊ぶかって感じだけど、好きな人はそのゲームに掛ける熱意がすごい。いろんなことを知ってる。そこまでは好きになれるものがあるのはちょっとうらやましい。,
250504,2025/05/04,😣,実家から両親が来訪。孫たちに会えたことがうれしかったようだ。次はお盆かな。こちらから尋ねることにしようと思う。,AI関連の勉強ができなかった。ただ、HeyGenで動画を作ろうとして、課金が必要だったのであきらめた、という成果は残った。どれに課金するかは悩ましいが、動画生成系はいまのところは不要である。,,
250505,2025/05/05,😌,明日は頑張る！,いやー、勉強できなかったなー。でもCNPトレカの勉強はできた。優勝者デッキを組んで、それを子どもとプレイして。でもどうしても接待になってしまうな。ルールを知っているからこそ、勝ち筋が見えてしまうことで、簡単に勝てそうで。同じくらいのレベルか、自分より強い人とプレイしたいね。,,
250506,2025/05/06,😊,明日から仕事だー。,Geminiで音声配信原稿を作るGemを生成。ずっとGoogleドライブやドキュメントの接続に悩んでいたが、直接ファイルを読み込ませることができるようになったため、この悩みが解決。大本のドキュメントが更新され、それがちゃんと反映されるか（実体の添付になっていないか）はこれから検証。,chatGPTのGPTs作成。朝の記念日挨拶ポスト作成のGPTsを作った。Google AI Studioでプロンプトを作ってGPTsという流れ、これをマスターしたい。明日も１つ何か作る。,NotebookLMによる音声概要作成を体験。海外のYoutube動画を読み込ませてボタン１つで解説音声ができてしまった。すごすぎる。。
250507,2025/05/07,😌,仕事始まったけど、モチベーションは上がらない。なんでだろうな。,音声配信原稿づくりのGem、知識に加えたGoogleドキュメントは必ずしも全文検索をしているわけではない。たしかにAIは検索とは異なり、その傾向を掴むもの、といえば納得。なので絶対の回答は期待せず、傾向を掴む、という使い方が良いと思った。,chatGPTのタスク、やはり１つしか設定できず。謎だがスケジューリングしたとおりに通知が来ているので良しとする。明日はAI関連のニュースを届けてもらう。,ウィンドサーフ使ってみたけど、もう少し使わないと分からない。そのツール内で実行できなかったので、環境構築はハードル高いかも。Firebaseの方が私は使いやすいかな。
250508,2025/05/08,😌,色々とタスクが消化できた,chatGPTタスク機能にてAI関連のニュースが朝に飛んだ。これはいいね。でもやっぱり１件しか登録できないから、どこかで解消されるかな。苦肉の策として、１つのタスクでAIニュースとWeb3ゲーム関連の２つの情報を通知するように変更した。,chatGPTでイラスト生成って、やっぱりあの雰囲気のイラストになるね。どっちが好きかっていうとStableDifusionの自由度の高さが好ましいかなー。なので、明日はSDのプロンプトを作ってくれるGPTｓを作ろうかな。,Windsurfにターミナルがあることを発見。これで１つのサービス内で実行確認までできる。とはいえ、firebaseのようにUIが提供されるわけではないから、どこまで使うか。。AIサービスへのAPIが使えるなら、多少は良いんだけど。
250509,2025/05/09,😆,遊び遊びの週末だなぁ。,CNPトレカのイベントのために東京へ。まさか自分がトレカで外遊するとは…この日は有志で集まってカード対戦会。分からないところも教えてもらえて良かった✨,ラグナロクオンライン、武器強化に初チャレンジ。95%の確率で失敗するとは。でも仕組みが分かったー。,
250510,2025/05/10,😆,愛知に帰宅〜。今日くらいは早く寝るか。,トレカイベントに行ってきた。謎解き難しいな。慣れっていうのもあるのかねー。頭が硬い硬い😅,トレカイベント、まだ発売したばかりという事で、みんな初心者。だから、私でも教えるっていう立場になったりした。スタートダッシュしてるって思えばいいかなー。,スタッフとして参加すると、知り合いが増える。人付き合いが得意ではないから、こういうイベントはスタッフで参加するに限る。次はにんケット！
250511,2025/05/11,😣,会社の部署名、20文字越えはさすがにないやろーー。,何もしない１日だった。保険関係の書類を書いたり、片づけをしたり。楽しみにしてたトレカイベントが終わった反動か。子供か。,パジさんの投稿に着目。Geminiでアニメーション作れるのか。要検証。それにしても情報感度が高い人は舞台を変えても動きが速いな。さすがに真似するの無理だなー。,
250512,2025/05/12,😌,今日のあまりタスクは消化できず。。。本業に対するモチベーションが下がっている・昇給も無かったしね。,動画生成AI、やっぱり難しいなー。KlingAIとRunwayを試したけど、難しいな。次はGoogle AI Studioを試してみて、それで最後かな～。でもGoogle AI Studioは女性の画像をアップロードできなかった記憶が・・,一社の役員更新を忘れてた。調べておかないとー。,
250513,2025/05/13,😣,本日は副業でモチベーションを下げた１日だった。,あー、一社のことを頑張るかーって思ってた矢先、役員の更新登記が必要なことを知る。しかも本来なら去年？さてさてどうなることやら。,お金の出し渋りは、本当に駄目だと思う。正しいとは思うが、その制度を利用するとただで人が雇える、という感覚は危険のような気がするんだよね。お金の切れ目は縁の切れ目とはよく言ったものだな。,AI関連、カプセル人形の動画、Google AI Studioでも出来なかった。諦めるかー。
250514,2025/05/14,😌,久しぶりに出社、朝行くのもいいね,お金が無いということは、関係性も悪くなるなっていうのを感じている。１つは学校研修。お金を使わなくてもいい方法を提案されたこと。正しく仕組みを使っていると思うけど、お金払わなくてラッキーっていう感じが出てて嫌。２つ目、市役所の高校生インターンはお金が無くてやらないとのこと。予算削減かな。それは本当に市役所にとって良いことなのだろうか。その高校生インターンで役場の人、若い人は得られるものがなかっただろうか。得られるような取り組み方をしていなかったのだろうか。うーん、考えさせられたな。,一社、役員更新の件は代表にて。手伝えることとといったら会計関連かな～。,
250515,2025/05/15,😭,あー、メイプルに尽きる,メイプルが日本から遊べないっていうのに尽きる一日。ショック。VPN接続するほどではないなーと思いつつ、テストプレイにも参加したしやりたい気持ちが大きい。どうしようかな。週末待って、月曜日でも解消されて内容ならVPNかな。,,
250516,2025/05/16,😌,メイプルストーリーはまだできず。ROLGとPlanetAtmosを楽しむかー。,来週の出張講座、準備をスタートした。機材は先方のものを使うため、テキストを印刷して持っていけばできるはず。ただ下水道科学館のときのものは時間がかかりすぎるので、もう少し削ぎ落としたものにする、もしくは２回に分けてやれるようにする。,,
250517,2025/05/17,😌,ゲーミングPCをどうしようかとAIに相談。１代目をバージョンアップしようと思う！,AIにどのポジションを取っていくか相談。なんとなく分かってはいたけど、AIコーディングやワークフロー、AIエージェントが良さそう。誰かに背中を押してもらえるのは良い。まずは軽い発信からやっていこうかな。こういうツールがあって、こんな感じで簡単にできちゃった、みたいな。,DifyのUdemy講座勉強中。まずはこれがいいんじゃないかってAIおすすめ。ただGeminiモデルが動かない。GCPとかまで探ってたけど分からず。結局のところ、Difyプラグインのバージョンの問題だっただけで、そこを変えたら解決。あの３時間位を返して欲しい。今日はDifyの勉強＋終わったというポストまでやる。,来週の出張ドウジョウ、徐々に形作っている。経験者と初心者という感じなので、２チームに分けて楽しんでみようかと思う。
250518,2025/05/18,😌,ゲーミングPC１代目をどうするか検討中。まずはWin11へアップグレードして、各ゲームが動作するか確認だな。その後は、色々とデバイスを買ってグレードアップさせる！,そういえば補助金。まったく依頼がないな。どこからも依頼ないってことは珍しい。声くらいかかると思ったんだけどなー。積極的に取りには行きたくないし、というか営業かけたところも連絡ないし、また次のタイミングかな～。,DifyのUdemy講座を終了した。チャットボットが１つお試しでできた。昨日のGeminiモデルのバージョンの不備が解決してからはトラブルなし。本日はこれに関するポストもできた。明日はCNPトレカのQ&Aに対するチャットボットを作ってみようと思う。,出前講座については、参加予定者を把握したくらい。初心者からベテランまで含まれてそうで、１つのテキストをやるのだと対応しきれないかもな。なので、普段のドウジョウベースで考えたほうが良さそう。つまり、みんな自由ってこと。
250519,2025/05/19,😊,ゲーミングPCが復活できたのはよかった。いい一日だった,ゲーミングPCをサルベージして、グレードアップ予定。アップ前でもラグナロクオンライン×３、PlanetAtmos、OBSを同時起動しても問題なし。ノートPCだと、かなりうなっていたが、デスクトップPCはさすがに音が小さい。買おうと思ってたけど、買わなくてよかった。これからメモリとSSDを増設する予定。,AI関連の勉強はできず。ちょこっと、AIラボの質問に答えたくらいかな。,ミラトラ経由の依頼をやり取り。7月なので、まだまだ余裕。それよりも出張ドウジョウの準備をしなければ・・・
250520,2025/05/20,😣,明日こそはいろいろなタスクを消化する！,何もしない、っていう１日だった。本当に何もしないと。本業も午後不在にしたし、副業もボランティア活動も何もせず。そういう日があってもいいかなーっと。,でも何もしないと焦るよね。周りがどんどん進化していくのにと思う。,
250522,2025/05/22,😌,ゲームを少ししたっていうくらいの日かなー。,久しぶりに出社。１週間ぶりかな。対面で会議をしたけど、まあ普通という感じかな。雑談はあって良い、必須か、といわれると疑問はあるけど、あっても良いかなって感じ。,,
250523,2025/05/23,😌,PlanetAtmosのゲームナイト、これで最後かな。,出張ドウジョウの準備。は、翌日に回した。あまり時間をかけすぎてもなと思ったしモチベーションも上がらないし。そしてやっと連絡が来た。Messengerを観ない人なんだね。,,
250524,2025/05/24,😊,明日はトレカイベントー。,出張ドウジョウ、無事に終了。Scratchに限定したが、みんな問題なくやれてた。選択肢が多くないほうがいい場合もある。次回もScratchに絞ったほうがいいな。,,
250525,2025/05/25,😆,７月のトレカ地区予選に行きたいなー。,CNPトレカのイベントに参加してきました。対戦をしましたが、正直まったく勝てない。東京ドームのイベントでも大きく負け越してる。けど、負けてもさほど悔しくないのが不思議。負けず嫌いなのに。そう思うと、トレカを対戦しているっていうだけで満足できてるのかも！,補助金の連絡がまったくない。今シーズンはもう打ち止めか。やはり事業計画書作成だけの需要はないのかもねー。さて、そこで問題となってくるのはお金。これが問題だなー。,
250526,2025/05/26,😌,本業の鬱っぽさに引っ張られた１日だった,補助金、特に依頼なし,AI勉強、進まず・・,スタエフの収録は２日分完了。原稿はGeminiで作成。そこそこな出来だなと感じる。結局日本語が上手なのはClaudeなのか、Geminiなのか。。
250527,2025/05/27,😌,明日は打ち合わせ。冷静に対応する。,出社。でも出社すると、副業とかってやる時間なくなる。昔は早朝・深夜にやってたんだけどね〜。切羽詰まってないからっていうのはあるし、体力的にも精神的にもきついからね。そう思うと、リモートワークは副業をやるうえではかなり有効的な手段。,,
250528,2025/05/28,😊,有休が終わり、今日はまた仕事。頑張る！,出前授業の打ち合わせを行った。今回も社会人講話＆体験会。最近はアントレプレナーシップの教育が流行りらしい。中学生くらいから事業開発を体験できるのは非常にいいと思う。,DifyでCNPトレカのチャットボットを作成。無料プランだとあと１つアプリができる。昨日特典をもらったので、それを試したら終了かな～。,
250529,2025/05/29,😌,結局今日は何をしたんだろうか。。。,これを記入している時点では、AIに関する勉強はできておらず。ここからDifyの講座を受ける予定。Difyでアプリを作って、それをWebページとして実装できるっていう講座。,UDトークの使い方を色々と勉強。,上半期の流行語をchatGPT、Felo、Genspark、Geminiに考えてもらった。でもだいたい同じようなワードを拾ってた。まあ正しい結果だけど。
250530,2025/05/30,😌,ラノベをついつい読んでしまう！,やっとAIの勉強した。Difyとbubbleを接続するっていうもの。Difyでチャットボットではなくワークフローを使う。LLMの部分をもう少し工夫したいし、ワークフローってどう複雑化させるんだろうか。bubbleは、difyでページ組み込みができなかったら、使える、のかなー。,日曜のドウジョウは満席。土曜にリマインドではなく、教育版マインクラフトができないことを発信する予定。,
250531,2025/05/31,😊,ボランティアの準備終わった。明日はスタッフ1人だけど負けない！,Difyとbubbleの連携に続いて、bubbleのお勉強。でもこれをやった後で、本来の目的であるAIコーディングとかけ離れてる事に気づいた。これは目的と手段が一致してない証拠。しっかりと目的を持って学びたい。,昨日はそこそこポストした。どうせ見てる人も少ないので、何でもかんでもポストすれば良いよね。,
250601,2025/06/01,😊,ヴァイブコーディングお勉強１日目。このまま無理はせず、毎日１アプリ公開できたら良いな。,VibeCodingお勉強。ポモドーロタイマーを２つのプラットフォームで作成した。Google AI Studioはアプリが表示される場合と表示されない場合があって、動作が不安定な気がした。そしてデプロイも上手くできず、おそらくGoogle Cloudの設定が正しくできていないと思う。原因を追求したいがかなり時間が掛かるし、一旦諦めるか。,windsurfでの実装はうまくいった。とはいえ、やはり何回か往復は必要。ポモドーロタイマーのような簡単なアプリであっても、一発で生成はできない。それがわかっただけでも良かった。そしてデプロイ。windsurfのデプロイ機能は１日に１回？みたいで制限に引っかかった。ということで、ここからはGithubでデプロイ。Github pagesでページを作って公開することができた。,ドウジョウ本番。12名が参加。教育版マインクラフトがないと、Robloxが人気になる。このままRobloxを楽しむ子が増えると良いな。レポートまでかけたので、今回のやることは全部終了。
250602,2025/06/02,😌,ヴァイブコーディングを学びつつ、githubを介したサービス開発も学べるのは良いな。色んな知識を吸収していきたい。,Windsurf開発。Windsurfでソースを開発し、netfilyでデプロイするまでは良かった。公開して共有することもできた。ただ、その後Githubpagesでの公開をしようとして頓挫。もともと公開していたnetfilyのページも動作しなくなった。要因は各種サービスの特性を知らなかったこと。次はここを整理する。,上で躓いたためにやる気が一気にダウン。いかんいかん、１つのことで心が左右されやすい。そういうときは、ゲームとかアニメで回復させたい。,
250603,2025/06/03,😆,補助金フォーマットでトラブルあったのかな？こういう細かいところを人間の目でチェックするのは不可能だよね～～,ヴァイブコーディング学習、本日はLLM連携を学ぶ。昨日一通り触ったこともあり、アプリを作るところまでは問題なく実装できた。そしてそこからは昨日と少し異なる手順となった。昨日：デプロイ→Githubだったが、AIと協議して、今後はGithub→デプロイという順番で進めていく。,この失敗談→新しい順番について、Noteにまとめておいてもいいかもね。各サービスの使い方は日進月歩、すぐに変わるため陳腐化が激しいが、この開発のフローは変わることはないだろう。,本日は良い感じの１日だった。ROLGはいい狩場に出会えた気がする。ポーションは大量に必要だけど、レベル差によるドロップ率低下を気にしなくてもいい狩場だなー。
250604,2025/06/04,😊,まあまあな１日だった。,Windsurf探検記。本日はドット絵エディタを作成。昨日学んだアプリ開発→GithubへPush→Netlifyでデプロイの流れを復習した。さて、このままゲームを作ったりしてもいいが、実用性のあるものも作っていきたい。,実用性のあるものとして、listenからGoogleドキュメントへコピーするアプリを作ってみる。まずはChrome拡張にチャレンジしてみる。,Codexを試してみたが、イマイチよくわからないなー。
250605,2025/06/05,😊,トラックボールマウスをもう１台購入。でもこれって１つで複数台のPCに接続できる。。。まあ、いっか。,Windsurfお勉強。Chromeの拡張機能を作成。ただしできたものは拡張機能を使わない場合と、効率という面では大差のないようなものができた。勉強ってことでよし。,Codexはまだ使い勝手が悪いかなー。現状はWindsurfが上。やはりVisual Studio Codeがベースになってるっていうのは大いにありそう。もう少しUIとか使い勝手の向上を求める！,ClaudeCode、Proプランでも使えるけど、やはり実際に使うにはクレジットを買う必要がありそう。そこに課金してまで使い勝手を確認するか悩む。
250606,2025/06/06,😊,最近は１０時すぎると眠くなる・・・,Vibecoding、界隈での熱は冷めつつあるのかな。私もWindsurfばかりやってるんじゃなく、もう少し広く取り組んだほうが良さそう。情報発信者として。,ではということで、いまのテキストアドベンチャーをもう少しブラッシュアップしたら、Cursorに映る。,ヴァイブコーディングでコーポレートサイトを作ってみたい。自分自身のページを作ろうか。ほぼ使っていない独自ドメインがあるので、そこを活用するか。
250607,2025/06/07,😊,何か新しいゲームを始めたいと思うが、これっていうものがないんだよなー。,一社の紹介文を作成。AI活用。やっぱりこういうのは楽だな、AIでつくるのが。楽というか、文章がちゃんとしてるよね。インスタっぽい感じで生成されてる。,windsurf、なかなかデプロイがうまくいかない。上手くいかない状況をGeminiに伝えたら、あー、Windsurfが勘違いしてそうですね、って。やっぱり得意なこと、そうじゃないことがAIにもあるのかな。,
250608,2025/06/08,😊,メイプルストーリーをプレイした。Universeは日本からアクセスできないので、本家をプレイ。やっぱり面白いな。課金するかどうか迷う。,windsurfお勉強。前日WindsurfでNetlifyにデプロイするも、まったくうまくできず。一旦デプロイ前に戻した。今回はWindsurfはソース更新とコマンドの実行にして、考える部分はGeminiに任せた。結果、Netfilyのデプロイも問題なく実施できた。得意・不得意っていうのがAIサービスにもあるなー。,その後、Gemini＋Windsurfでゲームを制作。漢字シューティングはいいな。今度はCursorで漢字シューティングをブラッシュアップしていく。,
250609,2025/06/09,😊,ROLGはオートプレイでひたすら。メイプルはクエストを進めた。PlanetAtmosは30分くらいフリー走行。そして今夜にRiftStormがダウンロードできるようになるはず。,ヴァイブコーディング、Cursorをお触り。Gemini曰く、コードブロックごとに修正更新できるのが良いってことだけど、結局はAIエージェントによるコード変更となった。コードを編集しているっていう感じにした方が良いのだろうか。使い方は悩むな。,そのCursorで更新したファイルについて、ClaudeCodeでコードレビューとリファクタリングを実施した。コードレビューはさすがという感じ。AIが作ったコードをAIがレビューすることで、より信頼性が増すなと思った。そしてリファクタリング。まったく別物のソースができた。機能・動作は一緒だけどソースファイルの形ががらっと変わった。それはそれで面白い体験だった。,明日は出勤で時間がなさそうだから、明後日にCodexによるテストをやって、それぞれのツールの現時点での使い方をまとめてみる。
250610,2025/06/10,😊,RiftStormのデモ版プレイ。グラフィックが前より良くなった気がする。操作性もアップ。１ステージが45分なのでちょっと長いけど、毎日プレイできそう。,本業にて、Githubをやってみた。VSCodeでGithubというかGitlabを連携させて、Pagesで公開できるなってところまで確認。ただAIエージェントが使えるわけではないので、Gitのコマンドは手打ち。それはそれで勉強になっていいな。,AIエージェントはないものの、会社で導入しているAZURE　AIで、GPT o4-miniが使える。なので、作りたいアプリを言えば、そのソースコードは吐き出してくれる。ポモドーロタイマーを作ってデプロイできた。,出社するときの課題として、ショートカットまとめアプリを作る。フロントエンドで作れそう。Gitlab pagesでの公開を目指す。
250611,2025/06/11,😣,髪を切りました！,Cursor×ClaudeCode、まだコンボっていうようも、お互いに歩み寄ろうとしているところかな。コンボもそうだし、使い分けって言う点でも悩むね。,,
250612,2025/06/12,😊,RIFTSTORM、やっぱり楽しいな。ただし、パーティープレイじゃないとクリアできないステージがあって辛し。,ヴァイブコーディング、RAGアプリを作成。ただ、検索の感度の調整が難しい。いいアイディアだと思うけど、もう少し精度が必要だと思った。またいつかのタイミングでブラッシュアップする。,Macアプリ制作。これはこれで難しい権限の兼ね合いで、自由に起動することができなかった。学びとしては、Webアプリの方がわかりやすいなと思った。配布っていう観点でもいいかな。,Mastraに手を出そうと計画中。AIエージェントは果たして可能性あるのか！
250613,2025/06/13,😊,エージェントメンバとご飯を食べた。初めて合う人もいて、リアル交流の大切さを改めて感じた。,Mastraを使ったAIエージェントの動きというものを確認。エージェントが指揮者・指示役で、そこで働かせるための道具をいくつか作った。チャットボットのような感じと最初思ったが、道具を足していくことで、エージェントが指示してるっていうのがわかった。,データベースを体験したくてConvexにふれる。データの読み書きの動作、雰囲気はわかった。ただ、ローカルホストでの実行は困難を極めた。というか動かなかった。権限の問題があるらしい。うーん、悩ましい。,あとは、Gitも調子が悪かった。たぶん、１回ミスったことで、そこからあれやこれをやったことで、うまくできず。なんとか復旧はしたけど、時間取られたなー
250614,2025/06/14,😊,にんケット、楽しかった。たくさんの人に出会えたし、お金もたくさん使った。こういうお金の使い方は良いと思う！,Mastra + Convex 、前日はデータベースへの読み書きが中途半端になってたので、その部分の機能としては織り込める部分は織り込んだ。Mastraのプレイクラウンド上では理想とする姿にするのは100%は無理ってことで、次へ次へと進めていく。,バックエンドを起動して、そしてフロントエンドを起動、というアプリ開発者っぽいことをやってる。組み込み系しかやってこなかったから新鮮。こうやってWebアプリとか開発するんだなーって感動。,AIワークフローに着手。雰囲気の部分は理解できたと思う。もう少しワークフローにいろんな機能を持たせたい。
250615,2025/06/15,😣,また小説を読んでばかりの１日を過ごしてしまった…,中途半端になってしまった、Mastra convexの連携。日本語の翻訳にエラーがあって、直してる途中で辞めてしまった…今が覚える良いタイミングなのに、、、,,
250616,2025/06/16,😌,ヴァイブコーディングをやりまくってた１日だった。Geminiが初めて制限がかかった。,ヴァイブコーディング、MastraとConvexの連携について勉強。Claudeでそれぞれターミナルを作って構築するため、２つを同期取るのが大変だった印象。なので、もう１つ上のところで、Claudeを起動したほうがいいのか。その場合に、.envとかが上手く編集できるかが心配。,省力化投資補助金、1/2の採択だった。落ちた方は確かにどこにオーダーメイド要素があるのか分からなかったから妥当といえば妥当なんだけど、こっちのほうが金額が高かったから、こっちを採択サれたかった。。,
250617,2025/06/17,😊,出社に対する精神的な負担は少しずつ下がっているなと。でも週１ペースでいいな。,本業にてヴァイブコーディング（プチ）実践。Azule AIでGPT 4oが使えるので、それでソースコードを作ってもらう。それをVSCODEでソースを作成し、ブラウザで確認している。ただ、やはりエラーが・・・それもなかなか解決しない。別の手段に切り替えたほうがいいな。これはまた来週。,ヴァイブコーディング、GPTSでPRDを作成し、ClaudeCodeにてソース開発。いままでは、その間でGeminiを介在していたが、直接ClaudeCodeでも良いなーって感じている。その成果をポストしたい、とか、複数のアプリを関連付けて開発するっていう場合にはGeminiを軸にしたほうが良いが、やはりGemini⇔ClaudeCode間で伝わらないこともあるので、PRD→ClaudeCodeの方がいいのかな。,
250620,2025/06/20,😣,とにかく、仕事面では人に迷惑を掛けることはできないから、心を無にして動くしか無い。,何も手が付けられない状態だった。ひどく公開しているし、悔やんでもいる。本当に時間が戻れば良いなと思う。,,
250621,2025/06/21,😌,とりあえずちょっとだけ前を向くことができた。,ヴァイブコーディングはお休み。こころの平穏が無いと、こういう学びって時間を当てることができないね。,,
250622,2025/06/22,😌,猫ちゃん３日目。なんとかご飯は食べてくれるようになった。普通に歩けるようになった。,ヴァイブコーディングはお休み。心身ともに疲れているところに、あのAIとの対話は辛いもんね。でも間違いなく必要な技術だし、少しずつ勉強していこうかな。,音声配信の原稿作成はAIにて。もう少しプロンプトの精度をあげたいな。僕→私とか細かい部分。,
250623,2025/06/23,😣,子猫ちゃんはすぐ疲れやすいのかな。,ヴァイブコーディング再開。Geminiの限界か、同じエラーと対策を繰り返す。おそらくGeminiの問題というよりは、スレッドが長くなってしまったことで、柔軟な判断ができなくなったんではないかなと。スレッドを分けるのが良いか、GeminiでやってたところをClaudeCodeにやらせたほうがいいのか。まずはスレッドを小さくすることをやってみるか。,初級ロードマップのLP制作をやってみる。ただしクリエイターではないため、載せるネタが無い。なので、仮想ゲームクリエイターとしたが、それでも「何載せる？」って聞かれるので苦しい。,
250624,2025/06/24,😊,今日はモチベーションが下がることもなく、無くはないけど、本業で、それはいつもだから、で、そこまで下がることもなく、１日を終えることができたな。,ClaudeCodeを使って、仮想ゲームクリエイターのAKIRAさんのポートフォリオサイトを作った。いままでConvexやMastraで苦戦してたから、ｈｔｍｌでのサイトづくりが簡単すぎて、これはやばいって感じ。Webデザイナーは仕事なくなりますね。,PRDやGitやらヴァイブコーディングの勉強を始めて覚えたことがたくさん。知識の幅が広がっていく感じ！,
250625,2025/06/25,😊,保護猫ちゃんの動きが可愛い。時間が溶ける。,仮想クリエイターAKIRAのポートフォリオサイト作成は完了した。chatGPTにパーツとなる画像の生成を依頼することで、見栄えの部分をどう仕上げていくか、ができたと思う。LPやポートフォリオサイトであれば、ヴァイブコーディングで生成可能なことがわかった。,◯◯診断メーカーにチャレンジ。偉人たちの言葉を贈ってくれる、というものを作成。LLM連携も問題なくできていて、やはりMastraやConvexは上級者向けだったんだなと痛感した。,そのMastraとConvexを用いらRAGについて、PRDを作ろうとしている。理由はClaudeCodeで一気通貫で作ってもらうため。さてどうなることやら。
250626,2025/06/26,😊,ジャーナリング忘れがち。,Gemini CLIを導入した。ポモドーロタイマーを作ってみたが、少し複雑に作ってるような気がしないでもない。途中で止まることも多いし、かつ、それに対する対処もできていなさそうなので、まだまだ使い勝手は悪いかなーというのが感想。当面はClaudeCodeで開発は進める。,ClaudeCode、Claude.mdの使い方を学んだ。ノウハウをどんどん蓄積していける。どの階層においたら良いかも学んだので、どんどん学習させていく。,
250627,2025/06/27,😊,仕事なー。,久しぶりにStableDiffusionで画像生成。やっぱりきれいなイラストを生成するのは、ちょっとした息抜きになっていいな。夏シリーズ、ちょっとやってみようかな。,ClaudeCode、MastraとConvexによる開発。重たい開発ばかりやりがち、エンジニアあるある。もう少しラフな感じの人から求められるような感じの開発をしたいけど、アイディアがないんだよねー。ちょっと悩み。でもここに賭けるしか無いっていうのは分かってるから、毎日少しずつでも触っていく。,Claudeのアーティファクトのバージョンアップがあったので試してみた。自由度というか、汎用性というか、公開性というか、それが低いClaudeCodeっていう状態かな、まだ。Claude APIも上手く動作しなかったので、なんとかしたいところ。
250628,2025/06/28,😊,ドウジョウでした。Scratch勢が多かったな。一気に全部を作ろうとする子がいて、もう少し小さい単位で作っていったほうが良いっていうアドバイスをしていかないといけないなー。,初Midjournerで動画生成。かなり自然な感じの動画になった。ただ、元となる画像があんまり好きになれないかなー。これは使い倒してみないと分からないけど、動画生成をしないのであれば、SDで十分かなと。課金してまでMidjourneyである必要はないかな。,教育版マインクラフトのライセンスが借りられることになった。明日のタスクとする。借り方の資料作成まで。,
250629,2025/06/29,😊,日曜日だし、ゆったりとした１日だった。小説をたくさん読めたのは良いな。,これを書いてる時点ではバイブコーディングの勉強はできておらず。この後、時間があればちょっとやりたいかなー。ROのサイトのクロールテスト。多分重たくて読み込めないかなー。,midjourneyの動画生成が凄すぎるなー。前までの動画再生とはちょっと違うフェーズになってきてる気がする。月額で課金してるので、１ヶ月は使い倒そう,
250630,2025/06/30,😊,ボーナスが年々下がっていくね。仕方のないことだけど、それに諦めてることだけど、実際に数字を見るとえーって思うという勝手。でもなー、モチベーション上がらないし、次の瞬間にはまあいっかって思ってしまう不思議。,マインクラフトカップ、ライセンスが借りられるようになったので借りる。本数が限られているそうなので、まずは３本を借りる。そのあとで、借り方をまとめてコミュニティにアナウンスする。,ヴァイブコーディング、エラーを取ると別のところでエラーになる。これは仕方ない。そもそもこれを人手でやろうと思ったらもっと学習コストも時間も掛かるし、これでもかなりの効率化になってる。,
250701,2025/07/01,😊,毎晩寝不足だ。なので日中の眠気が強い強い。,中学校への出前授業、時間配分を間違えたなー。やはり体験に半分は当てたほうがいいね。じゃないと、普段の先生がやってる授業となんら変わらないから。次回依頼があれば、体験コーナーを多めにやるのと、体験のネタを少し変更しよう。忘れないうちにレポートを書く。,マイクラカップに関して。アカウントの借用申請を出した。ドウジョウ関係は通るらしいけど、すんなりといってほしい。あと保護者にも借り方のアナウンスを出した。今年はいくつか作品を応募したいね。,ヴァイブコーディング。ちょこちょこと進行中。MCPサーバーについても知ることができた。
250702,2025/07/02,😊,今日は運動をしっかりとやった１日だった。,中学校訪問、開催レポートをClaudeにて作成。たぶん初めてOpusを使ったが、かなり文章はいい。Inputは少ししか渡さなかったが、しっかりとレポートとしてまとめてくれた。これは新たな発見。,ヴァイブコーディング、Vercelでデプロイ完了。問題なく動作した。MVPで開発した効果だと思う。,
250703,2025/07/03,😌,多少は本業が心配になるな。生産性ゼロだもんなー。,ヴァイブコーディング、なぜかＭＡＳＴＲＡのプレイグラウンドが動作しなかった。原因不明。時間経過で治るものだろうか。。,次のネタはブログの自動投稿。ＰＲＤは作ったので明日以降で開始する予定。,ライブ配信、久しぶりに実施。やると、やった感あるな。明日もやってみるか
250704,2025/07/04,😊,メイプルストーリー、Nはできなかったけど、元祖を楽しんでる。楽しんでいるというかイベント期間のため一気にレベル１００まで上がった・・,ClaudeCode × Sanity、「◯◯書いて」でブログ記事を書いてくれるところまでいった。過去の音声配信の原稿を読み込むことで、サイトタイトルもデザインも提案してくれた。記事も成果物を読み込む前はしょぼいかんじだったけど、文字起こしデータとかを読み込ませたら、それっぽい記事を書いてくれた。今後、デプロイして、そこからデザイン変更をしていこうと思う。,,
250705,2025/07/05,😊,夜寝れないから昼寝の時間が増えてて、昼間にいろいろできなくてつらい,ClaudeCode → Sanity はブログの自動投稿まで完成。「〇〇に関する記事を作って」で仕上げてくれるの凄い。ただし、記入ルールを逸脱することがあるから記入ルールの前のルールには追加したけど、それはまた明日試そうと思う。本当は今日試したいのに・・・,ノベルゲームを作れないかとちょっと試してみた。息抜きって感じかな。,
250706,2025/07/06,😌,とりあえずゲームを楽しむぞ。,Sanityによる自動投稿はほぼ完成だと思う。あとは、記事中のイラストをどういれるか、だ。理想をいえば、ワークフローを作って、StableDiffusionでイラストを生成して記事を挿入してくれるといいなと思うが、それはだいぶ先の話にしておこう。,microCMSによる記事生成は、ローカルホストでは実施できた。ただAPI周りが結構難しい？のか、ClaudeCodeのコントロールはSanityの方が良いと感じた。とりあえずは、両方のブログを更新しつつやっていこうと思う。,
250707,2025/07/07,😊,ヴァイブコーディング、一時の盛り上がりからは熱が冷めてきてる気がするけど、私はまだまだ。やりたいことがたくさんあって飽きない。,microCMSによるブログ記事投稿、vercelによるデプロイまで完了。SEO対策やデザイン改良も実施できた。ひとまずは完了宣言できる。,コマンドラインでのStableDifusion実行ができ、ClaudeCodeからのイラスト生成も実現できた。明日は記事作成から画像生成という一連実行を試す。ただし、UI版と比べると画像の質が低いかもしれない。実用に耐えうるか。,ライブ配信４人も来てくれた！緊張するね。
250708,2025/07/08,😣,久しぶりの出社。在宅最高って思う。,今日は出社したため時間がなく、ヴァイブコーディングの勉強できず。いま裏で、ClaudeCodeによるSD画像生成を検証中。タイムアウトしてるので、対策方法を探さないと。,ライブ配信を帰宅時に実施。ピンマイクを使ったが、問題なく実施できた。ただ、歩きながらだと周りの人が気になってうまく話せない。これも慣れか。,MastraのワークフローとToolについて、RAGシステムのときは表示されずに暗礁に乗り上げたが、他のシステムだと表示されている。謎だ
250709,2025/07/09,😣,ClaudeCodeとの格闘の一日だった・・,ヴァイブコーディング、結構難しい。ClaudeCodeに色々と改善を伝えているけど、なかなかその通りに実装してくれない。もう少し内部設計をちゃんとやったほうがいいのだろうか。。,,
250710,2025/07/10,😊,ライブ配信、なんとか継続できてる。よかった。ほんのちょっと、ほんのちょっとなれたかも。そしてコメントがあるのが本当に助かる。,前日、ClaudeCodeとの格闘にやぶれたため、応援としてGEMINIに助けてもらった。そこで分かったこととして、「〇〇という記事書いて」ではLLMは作業ができないということ。なるほど、ヴァイブコーディングをやっててプロンプトをみんなが共有する意味がわからなかったけど、仕組みを作りつつ、指示の出し方としては、普通のLLMのようにプロンプトを組む必要がある、ということが分かった。,ClaudeCodeとGeminiの協調作業についての可能性を感じた。ClaudeCodeはどうせすぐにリミットが来るため、その空き時間でGeminiにレビューや提案書を作らせるのはいいと思った。,
250711,2025/07/11,😌,華金だけど、変わらず勉強してる！,ヴァイブコーディング、なんだかんだで、設計書が大事なことが分かった。トラブル事例として、出来てたことを削除して、出来ない形に作り変える、というのが発生。たしかにこちらの指示には沿っているが、まさか出来てた部分まで変えるとは思ってなかったため。なので、PRD→設計書という最初の流れを作ることが肝心であると思った。,今回のブログ投稿システムができたら、次はゲームとワークフロー、この２つを学ぶ。並行して進めたい。,
250712,2025/07/12,😊,CNPトレカ関連のことが全然やれてない。毎日練習するっていうタスクは入れたけど、まずは大会で使うデッキを固めるところからだな。,ヴァイブコーディング、Sanityへの自動記事投稿は一旦完了。しばらく使ってみて、エラーポイントを抽出する。やはり画像生成まで一貫対応するとなると、それなりに難しさは出てくるな。本当の意味でのワークフローはClaudeCodeやGemini CLIでは難しいみたい。,ミタマっち、というゲームを作っている。これはGeminiに作らせてる。ただ2.5PROの制限に引っかからないんだよね。それが少し心配だけど、数万っていう請求はさすがにこないと信じたい。Geminiで作ってClaudeCodeでレビューさせた。あとはCodexによるテストもやってみたいところ。,xserver VPSが無料ってことで契約をしてn8nのアプリをインストールした。まずはSlackを使った通知ワークフローを試してみる。久しぶりに使ったな、Slack。
250713,2025/07/13,😊,CNPトレカ、やっばいね。場を壊さないようには練習しなくちゃ。,ヴァイブコーディングはお休み。,ドウジョウの開催レポートを作成。あんまりトークンを使っていないつもりだったけど、OOｐｓだったからか、すぐに制限が来てしまった。記事は最高なんだけど、制限早すぎですね。,やることがタスクになってると、本当にちゃんとできる。活用していこう。
250714,2025/07/14,😊,ROLGで質問を出した。無事に解決してほしいな。,開発サーバの起動、終了について学んだ。数日前の起動プロセスが残っていたことでエラーになった事例より、タブの消去だけでは消えない？可能性があるため、しっかりとCtrl+Cで停止させること。,ClaudeCodeでの記事作成、画像生成プロセスが安定しない。やはりLLMの中でのワークフローはハードルが高いのかな。,というわけでn8nワークフローを勉強中。Discord書き込み→Slack通知のフローができた。正直、次に何をやるかが定まっていないので、色んな事をやってみたいと思う。
250715,2025/07/15,😌,散歩しながらのライブにも慣れたな。でもネタが面白くないので、本当に練習という感じだ。,今日は出勤日のため勉強できず。ということは、出勤日数が増えると、学びの時間が減るのか。ただ、会社でもヴァイブコーディングやってる。その話は次に。,ショートカット集のウェブアプリを開発中。あっと会社にて。IDEとして提供されているわけではないので、AIとの対話で作ってる感じ。AI時代においては原始的な感じだけど、それでもまだ早いほうだな。,
250716,2025/07/16,😌,さて、ゲームを楽しもう。今日はトレカ特訓やる！,n8nワークフロー、１つ成功した。JSONからの読み込みができた。まだ仕組みは分かっていないけど、簡単なフローが作れた。ここから少しずつフローを増やしていきたい。まずはXで配布してもらったフローを試してみたいが、結構大きなフローなので１つずつやっていくようにAIに指示してもらおうかな。,久しぶりにRAGシステムを更新すべく処置中。なんか色々と問題がありそうなので、もう最初から作り直そうかな。,ブログ記事自動投稿、毎回修正が発生している。けど、ヴェイブだからそこは仕方がないのかなー。
250717,2025/07/17,😊,CNPトレカデッキ提出完了。けと、そのデッキで練習で2連敗。まあ楽しめればいっか。,ブログ記事投稿システム、やはりなかなか難しい。毎回失敗するので、その修正に時間が取られる。とはいえ、自分で作るのに比べれば圧倒的に時間短縮ではあるけど、一度効率的にできると、もっともっとってなる。欲深き人間。,n8nのワークフロー、CLIの提案するノードが古いので、Json読み込んでも上手く動作せず。なので、Json読み込む⇨エラー解消させる⇨CLIにノウハウ蓄積させる、というフローになるのかな。,Mastraプレイグラウンド、やはり上手く動作せず。一度、まっさらなところからやってみるのが良いか。
250718,2025/07/18,😊,CNPトレカの大会、ちょっと緊張する。帰ったら、荷物の準備をしなくちゃ。,ブログ記事作成、一部APIのエラーは出たけど、今までで1番すんなりといったかなー。タイムスタンプを判別するようにして、記事の取り間違いはなくなりそう。,n8nはAIエージェントを試しに使ってみた。Gemini APIが使えたので、それを活用。思ったよりもすんなりとできたな。次のステップとして考えようかな。,ライブ配信は、猫ちゃんと一緒っていう、たぶん私のチャンネルでは需要がないような配信をした。でもたまには良いな。
250719,2025/07/19,😌,トレカ、勝とうと思うとかなりやり込まないと大変だね。まずは数をこなす所からやっていけば良いのかなー。,CNPトレカ、オンライン対戦できるようになった。画角などの調整は大変だけど、映像や音はクリアに配信できた模様。特にリアルとやってる時と違和感なくできたかなって思う。,,
00*,,,,,,
250720,2025/07/20,😊,Todoに書き出すと、本当に色々と消化できる。消化していくクエストみたいな感覚かな。,プログラミングボランティア、楽しく終了した。最近はその日のうちに開催レポートを書くようにしてて、上手くいってる。Claudeを導入した効果だと思う。出来ることなら、ClaudeCode→Wordpressへの直行を目指したいが、いまはまだ現在のままでいいかな。WordPressへの自動投稿は難しそうだし。,,
250721,2025/07/21,😌,CNPトレカはデッキをいくつか構築した。黄色デッキをメインにしたいが、赤単との戦いでイベントカードなどのドローが続くとかなりキツイ。,ヴァイブコーディング、ブログ記事の自動投稿システムは問題なく稼働してる。１週間使ってみて、次はmicroCMS版を改良する。,RAGシステムは少しずつ改良。昨日は同じページを再クロールしないように機能追加した。,
250722,2025/07/22,😊,CNPトレカ、黄色はなかなか難しい。赤単にはボッコボコにやられる。。。そしてROLGは意外と稼げるのかな？？,Sanityへの記事統合、今日も問題なく画像統合まで完了。そろそろモデルの変更も考えてみたい。イラスト調のものにしようかな。,LLMでコードを考えて、そのコードを貼り付ける、は大変。ClaudeCodeやGEMINI CLIがいかに便利か思い知った。,
250723,2025/07/23,😌,ROLGはアイテムが売れない。,ヴァイブコーディング、sanity記事作成は少しトラブル。やはりワークフローをLLMで回すのは限界があるのか。,Sunoで曲作り。ダンスホールクラッシャーズみたいな感じの曲がいくつも出来た。すごい時代。あとは似たような曲になるので、それをどうプロンプトで崩すか。あと課金できない。,
250724,2025/07/24,😊,トレカは奥が深いね,CNPトレカ、オンラインバトル実施。一勝三敗。赤単VS青赤で１回勝てた。学びとしては、助太刀を切りすぎないこと。どれで勝負するか把握しておくこと。リーリーの巨大化の使うタイミング、このあたりか。これは結果をしっかりと記録しておくことが大事なのか、それとも数をこなすことが大事か。,CNPトレカのカード情報をPythonで抽出。PythonプログラムはChatGPTに作ってもらったので、これもヴァイブコーディングと言えるか。このカード情報はDifyに投入してチャットボットを更に高機能化する。,Sanityへのブログ記事投稿、やはりタイムスタンプ問題が解決しないので、こちらから「こうしてほしい。どうだろうか」と提案した。その結果は、次の記事更新の時に分かるはず。この対策で感じたのは、もともとプログラマーであることは、強いなーって。バックボーンがあって、それとヴァイブコーディングをかけ合わせるのが最強だなと。
250725,2025/07/25,😌,いまはCNPトレカにハマっている。,ヴァイブコーディング、やはりClaudeCodeはどんな処理をしているか見ておかないといけない。先祖返りを平気で行うし、中途半端な状態で実行しようとするし。なので完全に放置してものができる、というのは、現時点ではまだ幻想かな。,n8nのフローを作ったけど、たぶん動いていない。日曜日にテストしてみる。,
250726,2025/07/26,😊,CNPトレカのデッキビルダーを作ってる。ここまではいい感じ。でもイラストがたぶん共有できないから（あと、勝手にアクセスしてるし）、作っても自分用だな。それも良いかな。,出張ドウジョウ。子どもたちの個性あふれる作品を堪能した。保育園幼稚園の子でもScratchはできるね。この年齢層から初めてくれると、すごく将来が楽しみだ。中学生くらいになると、作品の幅がすごく広がる。オリジナリティっていう点では高くはないけど、〇〇をやってみた感覚は良いと思う。結局は、どのコンテンツも真似＋αなので。,n8nはウェブサイト更新でSlack通知が実現できた。ClaudeCodeで大枠を作って、Geminiで整形みたいな感じ。明日はまたClaudeCodeで差分を確認させて、ノウハウとして蓄積する予定。次は何をやろうかな。,Sanityブログ更新、APIエラーを解消したいけど、小さなプログラムでもエラーになるんだよね。でもきれいな感じにはしたいから、明日大改造してみるか。きっと動かなくなりそうだな。。
250727,2025/07/27,😊,黄色デッキで勝ち上がる人いるんだ。びっくり。デッキ真似しよ。,n8nワークフロー、無事に動いてた。ブログ記事を更新→Slackに通知。自分のブログだから、だから何？っていう感じだけど、ワークフローというものを理解するためにはいい勉強になる。次は何をやろうかな。,ヴァイブコーディング、APIエラーを解消したかったが、伝え方が悪く。。。SanityのAPIエラーが発生していると思われて、期待通りの対策にはならなかった。伝え方が難しい。。,デッキ構築アプリ、いい感じで出来上がってきている。今回は都度リファクタリングや設計書の更新をやってるので、よほど大きな間違いは起こさないはず！
250728,2025/07/28,😊,CNPトレカとヴァイブコーディングに発信は舵を切っていこう。毎日それぞれ１ポストは絶対にしたいな。,ヴァイブコーディング、ClaudeCodeのAPIエラーはこのままでは解決が難しそうなので、これは諦めることに。やはりこの量のスクリプトやプロンプトを１つのワークフローでClaudeCodeで実行するのは無理ですね。なので、n8nでフローを組むことに決断。これから少しずつゴールに向けて勉強していく。,デッキビルダー、やりたいことがどんどん出てくるので、更新更新という感じでトークン量が増えてしまった。開発前の設計がいかに大事が思い知らされた。その一方でそういうちょこちょこした更新が簡単にできるのもClaudeCodeの魅力ですね,学校からの講座依頼が掛かった。これを個人として行うのか、キッカケキカクとして行うのか悩むところ。税金を考えると、法人なんだけど、個人の方が気楽なんだよなー。
250729,2025/07/29,😭,体調悪く、あまり自分自身の状況が把握できていない。起きて覚醒してるはずなのに、その状態で寝てるのかな。意識が混濁してて、あれやったっけ？あれやった記憶はあるけど、やってない。とか、どれが現実でどれが夢なのか分からない状態になった。これは翌日に書いてるけど、いまは問題無さそう。脳とかに異常がなければいいな。,,,
250730,2025/07/30,😊,あと２日で土日。何しようかな。,ヴァイブコーディング、デッキビルダーを作成。成功→デバッグ用ロジック消す→失敗→デバッグ→成功→デバッグ用ロジック消す→失敗、を３回繰り返した。なぜデバッグ用ロジックを消す際に、成功してたロジックも消すのか、このあたりがAIが苦手なのか、それともスレッドが長くなったことの弊害なのか。こまめに中断したほうが良いかもな。,CNPトレカ交流会、サポート制度の申請が通った。フォローしたので、面倒なやつだなと思われていないと良いな。低姿勢でいこう。開催日時はBGさんぴちさんと調整中で、９月予定。明日、候補日の会議室が空いているか確認しておこう。,デッキ構築、４パターン位が手持ちのトレカだと限界だな。１日１０回という一人回しの縛りを設けるか。いやー、それはキツイなやめておこう
250731,2025/07/31,😊,トレカ、追加で注文しちゃった😆,デッキビルダー、一通りの機能は完成。ここから、リファクタリングをやっていくが、トークンの消費量半端ない😅　今日はClaudecodeはこれに集中だなー。,CNPトレカ、1人回しとオンライン対戦。コンバットタイミングは難しいので、何度もFAQを読み返す必要があるなー。,トレカ用の場所、ウインク愛知が良いのか、もっと開けたオープンな場所が良いのか。悩む。ウインクあいちは会議室感が強いので、好まれないかなー。周りはビジネスな感じだろうし。団地の部屋で人が集まってなかったしなー。
250801,2025/08/01,😭,最悪最悪最悪。月曜日くらいまでには忘れられると思う。,CNPトレカデッキビルダー、機能完成しリファクタリングも完成。結構いい感じになったと思う。次はデッキを魅せるための機能追加。そしてデプロイ戦略を練ること。,,
250802,2025/08/02,😌,まだ立ち直ってない部分はあるが、どうでもいいやって思おうと思う。,デッキビルダーは完成。デプロイまで完了したので、あとは使いながら整えていく。,CNPトレカ交流会イベント、会議室を予約したが、トイレが故障中とのこと・・・別の会議室を取ろうと思う。。,
250803,2025/08/03,😊,あー明日は出社、憂鬱すぎる。いやだいやだ。,久しぶりにヴァイブコーディングに触れなかった１日。とはいえ、ブログ投稿システムは完成してるし、デッキ構築ビルダーも出来たし、さて次は何をやろうかなって感じ。いまのところはn8nのワークフロー構築かなと思ってる。,そういえばDifyも使ってる。主にCNPトレカのチャットボットとしての活用だけど、かなりいい感じで回答してくれたな。,Voicyのパーソナリティーに応募してみた。エンジニア枠が新設されたので、その枠で。結構色んな人が通ってるみたいなんだけど、インフルエンス力が低いので厳しいか。でもエンジニア枠を設けるくらいなので、そこの人数は稼ぎたいはず！
250804,2025/08/04,😌,CNPトレカ交流会、本予約完了。さて、ここから告知アンド参加者募集です！,"ヴァイブコーディング関連は、本日はお休み。とはいえ、会社のAIを使ってselenium用のJsonを作成。うーん、やっぱりclaudecode やgeminiCLIが便利すぎるなー。 ",朝活読書を始めてみた。キンコン西野さんの本を読んでる。応援シロを残す戦い。そして、オーバースペックになりすぎない戦略を取りたい。これをCNPトレカの交流会で実現したい。,
250805,2025/08/05,😊,CNPトレカ交流会はここから集客！,CNPトレカ交流会 in 名古屋の告知を出した。チャッピーに教えてもらいながら、文面を作り、イラストのデザインも考えてもらい。フォームの項目も作った。頑張った。,けど、思ったよりも反応は低いのかな。平日の就業時間内のポストだったし、ここからしつこいくらいに宣伝していかなければ！,詰めCNPトレカは難しいなー。AIに作ってもらうときっちり枠にはめようとするけど、もう少しラフな感じでカードを置けるようにできないかなー。明日AIに聞いてみよう。
250806,2025/08/06,😊,うーん、仕事で残っている時に限って・・・,sanity へのブログ記事投稿、問題なく実施できている。とはいえ、たまたま１発でうまくいっただけで、根本は解決できていない。デッキビルダーの方が片付いたら、n8nのワークフロー作成に進む。,トレカ関連は盛り上げ実施。カード公開を盛り上げ、週末イベントを盛り上げ、Youtube配信を盛り上げ。はたしてどのくらい届いているのかな。,朝活読書はシン・コミュニティーマーケティングを読んでいる。コミュニティでここまでのものがアウトプットされるってすごいと思う。で、それがなぜ出来ているのか、が分からない。IPが強いから？一時期に儲かるという時期があったから？そこにいる人の特性による？
250807,2025/08/07,😌,最終日、やっと休みになった！,タスクを消化するっていう感じの１日だった。ヴァイブコーディングは詰めCNPトレカを構築。少しずつだができてきた。,,
250808,2025/08/08,😊,休み１日め。ダルダルのだらだらだった。,デッキビルダー、デッキシミュレータ機能追加は完了。もう少し早く完成してれば「これできたよ」ってコミュニティに言えたかな。やっぱり後発ってこともあって手を挙げられないのは変わらないなー。,Sunoの曲作りは、だいぶ仕組みは分かってきた。ただMV作成は結構難しいな。これはガチャ要素が大きいのもあるけど、そもそも安定して画像生成ができないから、そこをしっかりとやっていったほうがいいな。それでStableDiffusionのほうがいいのかなーってちょっと思ってる。,GPT-5が出たけど、あまりまだ違いは分かってない。
250809,2025/08/09,😌,アウトプットを３件するが目標だけど、ちょっと怖いよね。心理的なハードルがあるなって思う,Sunoでの曲作りはできるようになった。一足飛びにMVは難しいので、Sunoで公開できるように整える作業をしていこう。目標はそれをオンラインサロンに貼ること！,ブログ記事のOGPを変更してDiscordで表示される形式にした。これもオンラインサロンに貼る。,詰めCNPトレカを作ってみた。これもサーバーに貼ってみる。
250810,2025/08/10,😊,トレカやりたいトレカやりたい！,アウトプットを２つ行った。１つは楽曲を使った事。もうひとつはblogの投稿システムについて。特に反応はないけど、そういうもん。人は人のことをあまり気にしないので、どんどんアウトプットしていけば良いなって思った！,MV制作は本当にやろうと思ったら、かなりの時間が掛かるなー。うーん、ちょっと悩む。けど、一曲１ヶ月くらい掛けても良いのかも。,コミュマネチックな事をやってみたけど、大変って事が分かった。言葉足らずだと、相手を混乱させてしまうし、長くても読んでもらえない。奥が深いなー。
250811,2025/08/11,😊,CNPトレカ、次男に２戦２勝！明日はゲームをやろう。映画を見に行こうと思っていたけど、雨降りだからやめようかな。,MV作成。画像生成から動画生成まで実施した。明日はこれをCapcutを使ってつなぎ合わせていく作業。その作業についてもChatGPTが指示してくれるのでそれに沿って時間とは編集していく。,CNPトレカ交流会のLP制作。Figma Makerで作ってみたが一瞬でできて驚いた。ただクレジットがないため、Cursorで制作することに。せっかくGPT-5が無料で使えるしね。今のところはいい感じ。でもCursorっぽいデザインになるので、そこは修正必要。,ドウジョウの開催レポートを作成できなかった。こういうのはすぐにやるのが一番効率的なのに。もう眠いので明日に回そう・・
250812,2025/08/12,😊,CNPトレカ、東京へ大会を見に行くことが決定！やった、,トレカ交流会のLPは、謎に消えたので作り直し。Gitへのプッシュはしておいたほうが良かったなと思う。その後に作り直したけど、CursorのGPT5、Claudeではいまいち。ClaudeCodeでUltrathinkで考えてもらったらいい感じなった。消える前のGPT-5のページはまあまあ良かったので、ガチャ要素かなー。,MVづくり。なかなか難しい。短い動画はできたので、あとは音にあった動画をつなぎ合わせていく、という感じだな。いちおうAIにシナリオを作ってもらったけど、それ通りじゃないほうが良いなって感じ。,
250813,2025/08/13,😊,MVが作れたのは大きい。,MV（歌詞なし）ができた！ちょっと感動🥹周りの評価は気にせず、どんどん作っていきたい。,,
250814,2025/08/14,😊,実家に帰ったくらいの１日。夜も早く寝たし、たまにはこういう１日もいいな。,,,
250815,2025/08/15,😊,明日はCNPトレカ大会！！！！,映画「国宝」をみた。圧倒的なエンターテイメント。この感動をどう表現していいかわからないくらいに、心の整理がつかないような感じ。たぶん圧倒されたんだと思う。本物に触れることができた。,音っていいなって改めて思った。昔音楽が好きだったけど、最近は聞くことが出来ていなかった。でもどこか根っこの部分には音楽・音っていうのが私の中に根付いているんだと思う。動画やイラストはイマイチだけど、Sunoはちょっとしっかりとやってみようかな。,最近は本も読んでて、良いものに触れるっていう習慣がついてきていると思う。じゃあ、いままではなんで出来ていなかったか。それによって削られた時間は何だったんだろう。１つは副業。補助金の支援。ずっと嫌だった時間が、別の感情を抱くものにガラッと変わった。
250816,2025/08/16,😊,でもとても楽しい旅になった。まずは次男とのバトル。そして１人回しを頑張ろう。,CNPトレカのチャンピオンシップ大会を観戦。やっぱり本気の人たちはすごいな。情熱も。そこまで心血注げれるものって、そこまでないなー。トレカにしても、興奮はしたけどそこまで頑張りたいっていう感じでもないし。そう思うと、何をして貢献しようかなって考える。,１つは交流会のように裏方に回ることだろうか。でも例えば名古屋で毎月交流会をやるといっても、現実的にはそれは難しいし。家庭の事情故に。,XserverVPSの無料プランの更新忘れてた・・縁がなかった、ということかな。
250817,2025/08/17,😊,CNPトレカの一人回しをやりたい！,子ども向けイベント。途中でスタンプの対応が変わったのが非常に混乱した。イベントを主催する側として気をつけたほうが良いなと、逆に学ぶことができた。,マルシェイベントは、今後は難しいのかもしれない。他のマルシェの話を聞くと。その難しいに挑戦するのはアリだけど、それを実行するのはかなりのパワーが必要。いまの団体にそこまでのパワーは無いだろうな。,
250818,2025/08/18,😊,CNPトレカ追いカートンしちゃった。まあ原資はゼロなのでいいっか。,学びっていう点では何も本日はやらず。AIも音声原稿を作ったくらいかな。まあそういうときがあってもいい。,朝活読書は１日お休み。とはいえ、今日は生配信を聞きたかったからそれでよし。,
250819,2025/08/19,😊,ネコちゃんが解放されて、さっそく喧嘩してる！！,久しぶりにSanityでブログ記事を作成。とくに問題なく作れたな。n8nが使えなくなってしまったので、しばらくはClaudeCodeでの記事作成を継続するか。microCMS板もちょっとずつ作っていこうかな。,CNPトレカデッキ構築プロダクト、新カードの情報をマージするところまでできた。PythonとClaudeCodeの組み合わせで実施。次はCards.jsonを作っていく。そして紫カードの情報を追加していく。,
250820,2025/08/20,😊,ねこねこねこ,CNPトレカデッキビルダー、第２弾カードの反映は順調。デッキビルダーは問題なく作れた。次はシミュレーションの方に進む予定。明日。,作ったMVに歌詞をつけるべくRemotionの使い方を勉強中。そこまで難しくはなさそうではある。,
250821,2025/08/21,😊,明日からはわんおぺー,Suno→MV→Remotionによる歌詞付ができた！思ったよりもClaudeCode×Remotionは簡単だった。そして公開して聞いてもらえて嬉しかったね。,MVづくりはクリエイティブな部分、エンジニア部分の両方が学べていいな,
250822,2025/08/22,😌,バタバタの１日だった。トレカができてなーい。,CNPトレカの世界観考察をClaudeCodeとGeminiで作成。いい感じで出来たし、自分の理解にも繋がってる。文字は問題ないけど、あとはイラストをどうするかが問題だなー。,,
250823,2025/08/23,😊,午前中はものすっごいダラダラした。そういうときがあってもいいだろう。,トレカの世界観考察、作成し投稿。ポストは無反応だけど、どこかでリポストしようかな。,マイクラカップ審査会、渋い感じだったなー。報酬的に。,
250824,2025/08/24,😊,そろそろ金銭面での引き締めをしていかなければ、と。いまのところは、12月のロボットのイベントは日帰り往復でいいのかなーと。とはいえ、経費を積まないと税金に消えるだけだしなー。,ドウジョウ開催日。人数も少なくて運営は楽だったし、開催中から開催人数の集計や開催履歴の更新ができ、かつ、開催レポートの下書きにも着手できて、その後が楽だった。当日中に開催レポートが発信できたのも良き。,マイクラカップの応募に関する質問が出てきて、これが地味に時間が取られる。システムへの登録って、やっぱり難しいな。とすると、formsでの登録とかが楽で良いのかな。,AAVEに関する借り入れについてチャッピーに聞いた。勉強のため、という感じだけど、でも欲が出てくるよね。駄目だ駄目だ。小銭稼ぎでリスクを追うのは辞めたほうがいいな（といっても、リスクが低いLP組むのも小銭ではあるけど）
250825,2025/08/25,😊,昼寝は結構大事だと思う。あとソファで横になるのは辞めたほうがいいな。すぐ寝ちゃう。,小学校との打ち合わせ。結構喋りすぎたかな。それともあれくらい喋ったほうがいいのかな。キャリナビの人があまり話さなかったのもあって話したけど、もう少し耳を傾けることを考えたほうがよかったか。間があくのが耐えられず喋った感じだな。,Suno、バイブコーディング、あまりやれてないなー。ラノベを読む時間が楽しくてって感じで。,CNPトレカのオンライン対戦の連絡がきた。8/28に実施予定。和室でやることになるから、今日あたりにオンライン対戦の環境を考えよう。
250826,2025/08/26,😊,nano-banana使ってみた！すごい！！,久しぶりの出社。最低限のタスクは消化できた。,ライブ配信も忘れそうになったけどできたなー。深夜１１時。出社した時のライブ配信のやり方は考えないとな。１つの案としては帰宅しながらの収録だけど、自転車があるとできないしな。,
250827,2025/08/27,😊,今日は比較的いろいろとチャレンジすることができた。プペルのオンライン配信が楽しみである。,nano banana 、楽しすぎる。イラストをちょっと変えるとか、ポーズをこうしたいっていうのは、もうこれで十分って思えるほどですね。とはいえ、あとはこれをどう使うか、でしょうか。,CNPトレカ、本日は拡散中心に。存在感をしっかりとアピールしないと。,CNPトレカ、１人回しは合ってないなｗやっぱり対人戦をやりたいですねー。
250828,2025/08/28,😌,ビジネスだから、大人だから、やりたくないことをやらないといけない、っていうのはやっぱり嫌だな。,やっぱり補助金はいやだな。なんで嫌なのか分解して考えると、自分ごとじゃないからだな。お金じゃない部分で自分で納得できないからだと思う。ということで、もうやめたい。,CNPトレカの考察記事を発信した。今回は少し反応をもらえた！次は各大陸の考察に移っていこう。,nano banana楽しい。時間が溶ける
250829,2025/08/29,😊,レイトショーを見に行った。8番出口。予備知識無しで見に行ったので、ホラーに分類されてることとか、あとからしった。知ってたら見なかったかも。でも面白かった。ゲームをしっているかしっていないかで感想は変わってきそう。,Sunoの音楽制作、バイブコーディング、最近できていないな。週末はちょっと無理やりにでもやってみよう。,,
250830,2025/08/30,😊,そろそろCNPトレカの交流会ももろもろを準備していかなくちゃ,やったことといえば、Journeyをプレイしたことくらいかな。あとPlanetAtmosのゲームナイトの感想をポストしたくらいだね。,,
250831,2025/08/31,😊,Journeyをプレイ。これくらいのライトだけど映像がきれいなゲームも良いな。次にAIがオススメしてくれたゲームは、そこまでではないかなーって思う。時間があればやろうかな。,,,
250901,2025/09/01,😊,出社。まあ普通だけど、時間はなくなるよね。,SunoでCNPトレカの曲を作成。デッキビルダーのプロジェクトを使って原案を作成。その後ChatGPTで整理して、部分部分でClaudeで整えて。100曲ぐらい生成して４曲まで絞った。ここまでやったっていうのをどんどんと発信していかねば。,,
250902,2025/09/02,😆,トレカトレカトレカ,CNPトレカ開封まつり、でも１日２ボックス位が限界。開封→スリーブ入れと大変。なので、デッキ作るっていうのは明日以降になりそうだな。,,
250903,2025/09/03,😌,トレカデッキを組むぞー！,CNPトレカの開封祭りをやってて、学びはあまりないかなー。でも遊びも大事。ここにコミットしたいからこそ、この時間を大切にしたいと。,朝活読書はいい感じ。読んだ本の内容をアウトプットできてる（音声配信で）。,
250904,2025/09/04,😊,トレカたくさんやった。バトルできたのも良かったけど、まだまだカードの理解が甘いなー。,少しSunoで曲作り。少しムズい。ゆったりテンポな曲なので時間も長いので、本格的にやろうと思うと、結構時間とられる・・・,CODExが使い勝手が良いらしい。最初にちょっと触った程度であと使えていないので、ちょっと使ってみないといけない。,
250905,2025/09/05,😊,トレカ以外のことをやってないことに焦りを覚える。。,ドウジョウの準備を行う。マイクラの準備。→当日の様子としては、イマイチ。時間が短いのもあるけど、行儀の問題もある。次回以降は止める、かもしくはテーマを決めるか、ただテーマを決めても時間が。。。,,
250906,2025/09/06,😊,CNPトレカ、黄色は勝てたけど、紫はなかなか難しいなー。ヤーマの罠は使い勝手が良さそう。,出張ドウジョウ、いろんな子どもがいると改めて感じた。いまはそれにも慣れてしまったことも合って、そこまで感じないが、そこを感じてどう対応すべきかっていうのを考えないといけないかも。,久しぶりのSuno。クレジットが余ってるので使わないと。。。,
250907,2025/09/07,😊,トレカ準備におわれたい、むしろ。,CNPトレカ交流会の準備、スターターデッキとして追加で配布する分の準備完了。ちょっと青色カードが減ってきてて、いまさら焦る😅　とはいえ、絶対にこんなにカード使いきれないから、別に良いのである。ただ、どこまで配るかっていうのは考えものですね。,Sunoでの曲作り。いまいちピンとくるものがないなー。,
250908,2025/09/08,😣,まあいっかー。,うん、なにもしない１日となってしまった！まあいっかー。,,
250909,2025/09/09,😊,明日はお客さんと打ち合わせ。緊張するなー。,帰宅しながらのライブ配信。周りにほとんど人はいなかったけど、そういうのを気にすることなく話せるようになってきたかなー。ぽつりぽつり居るってい場合は難しいけど、たくさんいる、か、全くいないっていう場合は問題無さそう。,Sunoで楽曲づくり、いくつか完成候補はできている。やっぱり100曲位を作って１曲を選ぶっていう感じだな。感覚的には。,
250910,2025/09/10,😊,Journaling忘れたー,SUNOで曲を作り公開したくらい。,,
250911,2025/09/11,😊,トレカイベント緊張してきた,CNPトレカはお申し込みが増えて良かった。けど、増えたら増えたですごく不安になる小心者。イベントやるのはどうってことないけど、変なところでプレッシャーを感じている！,Codexを使ってみてる。UIはClaudeCodeの方が使いやすいかな,
250912,2025/09/12,😊,心機一転で頑張りたい。,ついに病院へ行ってしまった。もう限界だっていうことで。タラレバを言えばきりがないので言わない。ここからどうやって収入を得ていくのかっていうのを考えていかなければ。,ひとまず補助金からは逃れられた感じ。さて、本当に収入をどうするか・・,
250913,2025/09/13,😊,眠気がすごい・・・,なにはともあれ、補助金からは逃げることが出来たと思う。ただし次の収入の柱を考える必要がある。その前に支出をしっかりと見たほうが良いなと思う。,CNPトレカ交流会の準備はほぼ終わり。あとはリュックに入れるだけかな。楽しみだー。,トレカ交流会の次回を考えよう。
250914,2025/09/14,😆,トレカ交流会が楽しかった。また。やりたい。次回も5名は確実に参加してくれると思う！,cnpトレカ交流会、無事に終了。教えるだけだったけど、それでも楽しかった。プレイしていないのに楽しめたな。教えるとか、見守るっていうのが合ってるのかな？（上から目線で見たい、という心理もあるのか？？）,久しぶりにブログをclaudecodeで書いた。機械的にこなすだけだから、時間は開いても完璧にこなす。AIにブランクとかはないんだろうなー。,
250915,2025/09/15,😊,補助金の連絡が来るんじゃないかと思ってビクビクしてる。今週乗り切れば大丈夫なはず・・,桶狭間小学校の出前授業の準備。慣れたものだけど、こういうときにきっと落とし穴があるんだろうなー。じゃっかん心配なのは打ち合わせ資料が見つからなくて、昨年と同じ内容で良かったかどうかが怪しい。。でも向こうもなにもメモしてなかったから、違ったとしてもバレないかｗ,AI関連はなにも出来なかったな。明日は考察記事を作成しようかな。,Sunoの曲作りも考察記事が出来たら考える。その前にMidjourneyが復活したからMV作ってもいいなー。
250916,2025/09/16,😊,Codexが結構良いかも。途中で止まるのはGeminiでもClaudeCodeでも一緒なので、しばらくはCodexをメインに使っていこう。,CNPトレカ世界観考察の第３弾を公開。ただし、あんまり拡散されないな。前回もだけど、考察系はあまり人気がないかも。そのかわりに、交流会はすごく注目される。やはり独りよがりのものよりも、みんなを巻き込む系が良いね。,CNPトレカデッキ構築。赤単とセイドウデッキを作る。セイドウデッキは面白いけど、序盤が戦えない。緑系以外には勝てない感じ。５コス以降のセイドウ幹部を減らして、２３４あたりの式神をいれるようにする。,音楽・MV系はできず。いまからちょっとだけやろうかなー。
250917,2025/09/17,😊,明日は検査カー。,CNPトレカ　オンライン対戦ができてよかった。セイドウデッキは強いのか弱いのか。。。,MVづくりのための画像生成や動画生成を開始した。撮って出しみたいな感じで、とりあえずくっつけてMVを完成させよう。,
250918,2025/09/18,😊,CNPトレカのファンスペースやりたい。でも単なるニュース読み上げのスペースになりそうだな。それでも良いからやってみるかー。,MV制作、画像と動画素材の準備は終わった。けど、画角やスタイルが同じものばかりが生成されるので、繋ぎ合わせてもイマイチな感じにはなりそう。部分部分で抜き出して使うとして、のっぺりとした感じにならないようにはしたいかな。,CNPトレカの募集開始。現時点では２名のお申し込み。ここからどんどんとお知らせしていく！目指せ２０名！！,CNPトレカオンライン対戦。黄色デッキ→いい感じ。紫デッキ→勝てない、見直す必要あり。赤デッキ→強いね。主軸は黄色デッキにして、セイドウデッキを試したいなー。
250919,2025/09/19,😊,マイクラカップ、色々と動き出さないといけないなー。,出前授業終了。11人、問題なく対応完了✅前に作った資料だけど、まだ使いまわせるなー。maqueenも教材としては優秀。,,
250920,2025/09/20,😊,本日はCNPトレカ交流会。楽しむ。,にんセレ＠大阪、ボラスタとして参加！今回は色々と気づけて自分で動けたと思う。で、今度は思った瞬間に行動するのではなく、いったんそれが必要なのかを一瞬でいいので考えてから行動したほうが良いなと思った。,スタエフ収録。原稿無しでやってみたが、やはりメモ（話したいこと、結論、流れ）は有ったほうが良い。たぶん、有名な配信者さんもきっとそうやってると思う。,
250921,2025/09/21,😊,外で収録や配信をしても、かなり平気になってきた。良いこと、というか、周りの人は全く気にしない。ということが分かったｗ,CNPトレカ交流会、楽しく参加できた。でもあんまり勝てず。いつも通りで安心したｗ　たくさんの人が参加してた。自分は教えてる方が楽しかったりする。負けるしね。,,
250922,2025/09/22,😊,bitgetに150ドルくらい入ってた。やった。,ドウジョウの準備完了。平日祝日の開催は、まったく乗り気になれない。１日有休にしたかったけど、半休だけっていうのが拍車を掛けてるのかな。ただ、本番が始まったら楽しむんだろうけどねー。,,
250923,2025/09/23,😌,AI関連の勉強が全くできてない！計画的にやらなければー。,CNPトレカ対戦。２戦２敗。すっごくよく負けるけど、戦い方が悪いような気がするなー。というか組んだデッキに対して方針が無いのがいけないかな。前半・後半の戦い方とか、なにをフィニッシャーとするか、とか。とはいえ、そこまで勝ちにこだわっていない所がいけないのかもしれないけど。,ドウジョウ開催レポート作成まで完了。Claudeにて作成。Claudeの課金が２月まであるので、これは最後までClaudeで作って、あとはGeminiとかに乗り換えようかな。,
250924,2025/09/24,😊,CNPトレカ→PlanetAtmosな１日にする！,朝活読書で自分だけのメモを大事にした方が良いと学んだ。誰にも触れないところで、いろんな物事の感想なんかをメモしておく。それは外に出ないようにする。そうすることで自分のありのままの想いを綴ることができる。,ということでCNPトレカに対する不満を書き綴る。新しい顧客を求めるのか、既存の顧客を大事にするのかどちらを大切にするか明確にしたほうがいい。どっちもを追うのかな、そのあたりが分からない。あと大切にするのはアンバサダーじゃなくて、そうじゃなく協力してくれる人。じゃないと既存ファンが離れていく気がする。,Codexでトレカ交流会のLPを制作。いい感じ。前に作ったのがClaudeCodeでそこから更新部分をCodexなので、変更量が少ないからできたっていうのもあるかー。
250925,2025/09/25,😊,朝活読書はできたけど、AIに関する勉強は出来なかった。デッキ構築に時間を取られたからかな。,CNPトレカ、青緑、紫青を試す。ドロー系が多いので、手札が増えていい。青緑は２戦２勝、紫青は２戦１勝。良かった。いまのところ、黄色単か青緑かなー、使いやすいのは。,SunoにV5が出たらしい。今日はいままで作った曲のリマスターをやるのと、新しい曲を作りたい。MVはちょっといいかなーって感じだけど、動画生成っていうところではやっていきたい,
250926,2025/09/26,😊,Udemy講師になるか、どうするか。でもネタがないんだよね。。。→やることにする！,CNPトレカのデッキを更新した。早くバトルしたい！,デッキビルダーをそろそろ更新したい。・紫レイキの画像を更新、デッキの保存機能を検討,Sunoで曲のリマスター。なかなか難しいな。。。
250927,2025/09/27,😆,"CNPトレカは7,000BOX達成。よかった。追加で５ボックス。NFT付きパラレルが出ると良いなー。",Sunoで曲作成。なぜか夜に音が出なくなったけど。V4.5+→V5のリマスターを実施。音がはっきりする分、軽くなる印象はある。新曲を作ったけど、日本語はほぼ間違いなく正しく読めてそう。もう何曲か作ってみないとわからないけど。,UdemyはChatGPT×中小企業って感じにしようかな。,
250928,2025/09/28,😊,CNPトレカ、次男とのバトル。２戦１勝。やはり運要素はあると思う。３コス5000BPは残って困る。,Sunoで作曲。アクアノーヴァをテーマに作曲。いい感じ。冒頭のイントロのハミングはなかなか消せない。ただし、いきなりボーカルから入る曲にすることもできるけど、完全にガチャ。もう少しいろんなメニューについて知ったほうがいいかな。,デッキビルダー。Convexとの連携完了。次はこれをオープンにしたいが、もう少しウルフさんが更新しなくなったなーっていうタイミングにする。,
250929,2025/09/29,😊,ワンオペー。,マイクラカップ審査会、あまり進展せず。明日にはイオンモール担当者との連携を取りたい。あと司会者、、間に挟まれてる感じがしてストレス。,Lovartを試している。まだまだ把握できていないところはあるけど、無料でクレジットが毎日もらえるみたいなのでありがたい。いろいろ試してみよう。,CNPトレカトレカ販売のポストを発信。なんか委託販売っていうのもあって、ちょっと緊張する。相手の商品の評判が下がらないといいなって思っちゃう。まあ何かあれば誰か注意してくれるか。
250930,2025/09/30,😊,CNPトレカ１人回しが全くできていない！やらないと！！,CNPトレカテーマ曲をSunoで作成中。これで全部の大陸の曲が作り終わって、全６曲。曲もできたので、次のステップとしてSoundONで楽曲申請をする。まずは申請の仕方を調べるところから。,Lovartを使ってるけど、無料クレジット300はかなり良いな。まだ画像生成しか試していないけど、今日は動画を試してみようかな。かなりクレジット消費しそうだなー。,マイクラカップ司会者問題。役割は役割として、事務局に任せておけばよかったと公開。間に挟まれるのはストレスだな。
251001,2025/10/01,😆,とにかくSoundOnへ申請するところまで持っていけたのはすごく嬉しい。,Sunoで曲作り、そして６曲できたので、SoundOnでアルバム申請した！まずは、アカウント自体の認証からみたいだけど、その後にアルバムの申請判断。リリースは10/11予定。待ち遠しいなー。明日からは、次の曲作りを行っていく。,曲作り用にワークスペースを分けようと思う。毎回最初の準備が大変だしね。毎回入力するのも大変だから、プロンプトを作る。,AIでの画像生成は難しいね。今回アルバムのカバーアートを生成しようと思ったけど、何を作ったら良いのかが分からない。やっぱりキャラクターを持ってきたほうがいいのかなー。
251002,2025/10/02,😊,明日は久しぶりの出勤。憂鬱ですな。,sunoでの曲づくり。プロジェクトを分けて環境構築。codex claude geminiで並行して作っていき、比較するっていう感じで進める。なお、cliからcliの起動を試したが、タイムアウトエラーになってしまう。個別に立ち上げた方が良いな。,cnpトレカ。３コス5000の使い勝手の悪さを少し考えないと。３コスは退場させられるリスクがあるから、４コス効果持ちか、助太刀持ちが良いかな。,マイクラカップは動きがあまりないなー。その代わりに学校での出前授業の依頼が増えてきたな。これ、把握できなくなっているから、それを管理するソフトを作ろうかなー。
251003,2025/10/03,😊,やっぱ出社すると色々とできる時間が減ってくる。やはり在宅最強。もう戻れないなー。,SoundOnは審査通らなかった。理由は作曲、作詞のクレジットが本名じゃなかったから。なので本名で再審査に出す。本名が出ていく可能性があるが、まあありきたりな名前だし一家ーって感じ。各プラットフォームにアーティストページができると思うので、そこで個別に消せたら消していく,Sora2とキャラクターシート、Capcutを使ってショートMVを制作。ちゃんと形になって感動。ショートのMVなら気軽に作れそう。明日はちゃんとポストしよう。,Suno用プロンプト作成は、2ndのOPのプロンプトを作ったところまで。３つを今後比較して曲作りを進めていく。
251004,2025/10/04,😊,明日いろいろやる！,CNPトレカ、オンライン対戦ができてよかった。赤単の場合は、紫の場合は、と相手のデッキを見て戦うことの大切さをしった。が、それを実践できるかは怪しい。。,ドウジョウ開催日。他のメンターと連携が取れてない。そろそろメッセンジャーを動かさなければ、というか、26日をキャンセルする処置をしなければ。,Sunoでの曲作り。今回はClaudeCodeの案を採用するけど、CodexやGeminiの曲も活かしたいね。
251005,2025/10/05,😌,いろいろとやれていない気がする。主にリアル系。やらねば。。,デッキビルダー、紫レイキのカード画像入れ替え完了。ポストしようと思ったけど、少し気が引けちゃった。他の人ならこういうときに誰に何を言われようがポストするんだろうな。でもポストするっていうことは、それに対する反応に対しては真摯に対応すべきだけど、単なる成果報告に対しても必要だろうか、とか考えた。,トレカ交流会、準備が何も出来ず。第１弾売ろうと思ったけど、転売になるかな？とか考えると、全面的に売り出せなくなった。ポストできなくなった。気にする必要があるのかな。調べたら、ちゃんと売上として計上してればいいみたい。でも見る人によっては転売に見えるよねー。現地だけでアナウンスしようかな。,Suno曲作り停滞気味。ClaudeCodeの曲を作っているけどイマイチ・・・Codexで再度頑張り中。
251006,2025/10/06,😊,３DSLLが売れた11000円の収入。さて、これでトレカ買おう！,デッキビルダー公開した。注意事項は書いたけど、欲しいって反応合った。困るかなと思ったけど、思ってたよりも嬉しい。とはいえカードイラストをそのまま使っているので、モノリスに確認。あとは一部問題があるので、そこの改修をしてからかな。人にデバッグしてもらえるから、よりよくなりそう。,Suno曲作り。1曲出きた。かなり悩んだ曲。というか、歌詞に安定性を持たせたいな。あと何に引っ張られるのかわからないけど、野太い女性の歌声ばかりになった。もう少し透明感を出したかったな。結構クレジット使った。,
251007,2025/10/07,😣,ダメでダメでダメな発言だった。感情を押し殺さなくては。反省。しっかりと取り戻していく。でも、媚は売らない。,Suno楽曲制作、セイドウテーマの曲を作成中。良い感じだけど、万人受けはないかな😅,Notionで出前講座について管理する。とりあえず、まずは全部の予定を把握する。,トレカのカードイラストは、使用NGかー。当たり前といえば当たり前かー。
251008,2025/10/08,😊,特筆すべきことは特に無いかなー。,CNPトレカ、ミライとハナカのNFT付きパラレルゲット。重さで調べるのは難しいと思う。あと、11/2は設定ミスったかなー。参加できない人が多そう。初の５人いかない日になるかな。,Suno曲作り。セイドウの曲がいい感じだけど、これっていうのは出ないな。あとClaudeCodeは歌詞の精度が悪い気がする。,
251009,2025/10/09,😊,今日はCNPトレカの日！,Sunoでの曲作り。順調いい感じ。安定してきた気がする。ただ毎日この感じでクレジットを使っているとすぐになくなる。SoundONはいつ頃か気になる。,音声配信をやったくらいで。会社の会議が入るとあまり色々できないことが分かった。,
251010,2025/10/10,😊,苦手と思ってる人ともう少し関わったほうがいいか。浅い関わりだけで判断するのは駄目か。,明日やりたいこと、CNPトレカ交流会準備。販売用チラシ、次回交流会の申し込みQRコード、ファンサーバのQRコード、印刷。ミニはさみ、購入する,ゲームをやる。PlanetAtmos、WW、Riftstormやる。,SoundONリリースされるはず、それができたら、２枚めのアルバムを申請する。テンポの速い曲を２曲入れる。そして構成を考えて、６曲構成にする。
251011,2025/10/11,😊,さてPCをグレードアップするかどうか。経費を使わないといけないけど、さてどうしたものか。,Suno曲作り。SoundONでの申請が下りない。一度却下されてるから時間がかかるのか。その間に次のアルバムの申請ができそう。というか今日中にやるかな。曲は100点満点ではないけど、どんどん数を出していくのがいいと思う。少しずつ曲作りのスピードも早くなってるし。収益化できるといいけど。というか早く申請通るようにしたい。,音楽配信が２年続いた。たぶん１日も欠かしたことは無いと思う。もちろん事前収録で対応したときもあるけど、それ含め２年。最近はライブ配信もなんとなくテーマさえあれば、10分くらいは続けられる。独り喋りだと結構辛いけど、コメントもらえるとかなり助かるな。,CNPトレカ交流会の準備。あとは当日を楽しむばかり。なんとか次回の交流会参加者を増やしたい。
251012,2025/10/12,😊,久しぶりにお酒を飲んだら酔っ払った。。,CNPトレカ交流会in名古屋終了。ほとんど反省する点はないかな。１つあるとしたら、もう少し組み合わせを変えてあげられればよかった。とはいえ、レベル差がある場合にどのくらいまで組み合わせを変えるべきかは悩むけどね。次回からはそこに私が入れるような形になるといいな。,Sunoのアルバム申請の許可が下りない。待つしか無いみたいだけど、ヤキモキするなー。,
251013,2025/10/13,😣,CNPトレカ交流会11月の回は、人が集まらなさそうだな。辞めるっていう選択肢もあるし、まあそういうときもあるかーって少人数でやる選択肢もある。どうしてもやめたくなっちゃうけど、うまくいくことの方が本来無いはずなのでこういうものかって思うようにする。のと、集客頑張るだけ！！,Suno曲作りはSoundONの申請が下りず。これは待つしか無いなー。次の楽曲としては、アイドルプロジェクト。CNPトレカのおりキャラがユニットを組んだら、で曲作り。いい感じの曲ができたと思う。引き続き次の曲を作っていく。,出前授業は準備問題なし、というか準備が不要な感じだな。講評ということだけど、褒めて伸ばしてほしい感じが伝わってくるのでそのモードで行く。,
251014,2025/10/14,😌,特筆する内容のない日だったかなー。,Suno曲作り。いい感じ。ただSoundONの申請は下りない。待つしか無いなー。なのでひたすら曲を作り続けるしか無いなー。,中学校出前授業。問題なく終了。あとは請求書を送るのみ。,
251015,2025/10/15,😌,そんなにINPUTやってない１日。何をやってたかな,Suno曲作り。SoundONの承認は下りず。まち。曲作りは２日に１曲くらいのペースがいいかな。,Feloはかなり使える。勉強会にて。検索だけしかつかってないけど、エージェントは面白そう。でも課金しないと最大限活かせないな。,
251016,2025/10/16,😊,最近朝読ができていない。明日より再開する。,Udemy講師への道。今日は大質問回。まずはどんな感じでネタを選べばいいかと、心構えみたいなことを知った。まずはできるネタで。すぐにリリースすることを大事に考える。ウミノさんの講座を買ったので、それをまずは見るところから。,Suno曲作り。１曲作った。次は土曜日に作ろうかな。SoundONは今日も申請通らず。。,
251017,2025/10/17,😌,出社からの飲み会。あー、スタエフ配信日を間違えてしまった！,TCGの本を読み始めた。なんとかなんとか問題。３つの扉がーっていうのを勉強したが、こういう確率理論をどのようにゲームに使うか考えないといけない。考えないといけない？結局は感覚でプレイするって感じだろうな。,Suno、Udemyはお休み。,
251018,2025/10/18,😊,明日Udemyの講座を受講する！,Veo3で画像生成。生成後はポスト。流れとしてはキャラクターシート→ナノバナナ→動画生成。なので、キャラクターシートは固定INPUTとして、どんなシーンを描きたいか、という入力を促して、そして動画生成させるようなGPTsを作りたい。,Opalで音声→ブログ記事を実施。かなり優秀だと思うし、これが無料で使えるのがすごい。ここにヘッダー画像も生成してくれるようなフローも追加したい。,音声配信はボイスメモで収録することに。スタエフでのアップミスにも対応できるし、ワークフローに入れて文字起こしもできるしで良いですね。
251019,2025/10/19,😌,だらだらーな１（日）だった。,GPUとメモリ交換。特に問題はないが、ゲームが途中で強制終了したり、キーボード入力を受け付けなくなったりする。明日いろいろと試してみる。,Udemyやばいやらなかった、明日こそは講座を聞く。聞く絶対。,PCのテストデータをバイブコーディングで評価する、したい。
251020,2025/10/20,😊,本業いやだなー。どこでどう間違えたかな。,Opalで音声→ブログまでのフローを作成。だいぶ仕組み分かった。そしてそのフローをつくるGPTsも作成。そしてそしてその成果をポストもできた。果たしてこのままOpalが覇権を取るのかな。動画や画像生成はやはり無理な領域なので、ワークフローでちょっと知ってる人、って感じになりたいな。そう考えるとGASやMakeとか他のワークフローツールを使えるようにしたほうがいいなー。,Veo3.1用のGPTs作った。こんな感じでカスタムGPTは作れるようにしたい。どんどん作っていきたい。,CodexでCSVデータ成形。それ自体は問題なくというか普通にできたけど、これが単純に研究現場における取得データの成形とかに使えそう。っていうポストもした！
251021,2025/10/21,😊,じゃっかんトレカ熱冷めてる？ちょっと一人回しして、気分を上げていこう。,SoundONで配信できたー！SpotifyとAppleMusicでも聞くことができて感動。すごく不思議な感じだ。そして次のアルバムの申請もした。ただ、どうやらストリーミングサービスの仕組みとして、シングル楽曲単位で配信していくのが良さそう。というのも、そういうサービスは「新しいものを優先的に」という感じみたいなので、その機会が多いようにしましょう、とのこと。ということで、楽曲単位でリリースする。,Udemyできてない、できていない、できていなーい！,
251022,2025/10/22,😊,CNPトレカは全く何もやってない。朝読書でトレカの本を読み終えたいな。,AI作曲。カグツチを題材にした曲を制作。そして前に作っていた曲をSoundONに申請した。アーティストのホームページを作ったほうが良いような気がしてきたので、明日そのページを作成する。,Opalは今日は触らず。明日音源データを元にブログを作ってみる。他にもOpalに関する情報を集めて、可能なら１ネタ作って投稿する。,Udemyは講師登録完了。動画は見れていないので、それは明日に。
251023,2025/10/23,😌,経費をどんどん使っていかないといけないけど、勇気が・・,曲作り。いくつか審査中。待ち。明日また１曲作ってみる予定。あと１曲リリース審査に出す。,Lovartの年額プランに加入。経費使うため。画像生成や動画生成として活用。MVを作ってみる。,あーーーーー、Udemyやらなかった・・朝活で動画見るようにする！
251024,2025/10/24,😌,補助金の仕事を引き受けた。安心感が違うー。,画像生成や動画生成は本当に難しい。やはりもともとのクリエイティブ力って必要だと思うんだよねー。ただ、プロンプトやテクニックでなんとかなりそうな気もしてきたけど、でもやっぱり何を作ったら良い、って考える所に、もともとのチカラが必要な気がする,Opalはまあこんなかんじかなーっていうのは分かってきた。これ以上はそこまでいま注目も浴びていないしで、どこまでやり込むか、かー。あと２・３個アプリを作ったら、音声配信のブログ化を日々動かすくらいにしようかな。,Udemyの動画教材を見始めた。やっぱり見て手を動かさないと身にならないと感じた。これは月曜からの課題にする。
251025,2025/10/25,😌,着ぐるみを着た。経験としては良いけど、かなり疲れるので、来年はご遠慮したい。,LovartのSeedreemでバナー制作。と思ったけど、最初は他のサービス、ナノバナナとかで作ってたけど全然うまくできず。Seedreamでやったら上手くできた。プロンプトは単純なので、GPTsにしておこうかな。毎回探すのも大変だし。,はじめてのCNPトレカ、音声トラブルで30分遅延。別の端末だと音が聞こえていたので、いざっていうときのためにもう１つの端末でもログインできるようにしておく。なので複垢を作るか。,
251026,2025/10/26,😊,CNPトレカ、はじめてのCNPトレカは好評だった！,CNPトレカの大会。１回戦負け。反省点はあるけど、まあそこまで悔しいって思えないところがそもそもの敗因か。やっぱりコミュニティを楽しみたいタイプなのかな。負け惜しみではない。交流会参加者を１名ゲットできたのはありがたい。あと１名なんとか・・,Lovartでバナー作れたことを発信。もちろん反応無し。まあ継続して続けていけばいいか。,
251027,2025/10/27,😊,Udemy、補助金、何もできず。ワンオペ辛い・・,マイクラカップ下見、まあ下見自体は問題なくて、ファイルを忘れてしまった。。。最悪。機密に抵触するような部分はないけど、やってしまった。失敗。,Sora２のセミナーに参加。ロマ子様を踊らせてみた。みんなができてるけど、私できない。。。きっとLovartだからだ！あと、Sora2が無料期間だ、使い倒さないと。,
251028,2025/10/28,😊,CNPトレカ、全然やってないなー。やっぱり大会みたいなモチベーション保てる仕組みは必要だ。,補助金、Claudeがチャットの上限に達してしまったので、これは使えないなーと判断。今回からGeminiのGemを使うことを決断。来年２月にClaudeの年間プランの更新時期が来るので、そのタイミングで解約かな～。Geminiでの精度については問題なさそう。引用元が明確に記されるのでそれはいいな。明日事前情報と照らし合わせて、問題なければラフ版を作って、この段階で１回見てもらう。,動画生成Sora2も良いね。試したいこととしては、キャラクターシートからメインビジュアルを作る。そしてそこからNanobananaで画角が違うものを複数生成。それを動画生成AIに食わせて、つなぎ合わせて１つのシーンを作る。これを試してみたい。,
251029,2025/10/29,😌,CNPトレカ何もせず！熱が冷めてるのかー。,事業計画書作成、WORDに転記してみたけど、前に採択された企業の計画書と比べると、文字数が少ない。ちょっとこれは他の採択された事業者の計画書と比べたい。文量で選ばれるわけではないけど、昔のもの補助を知ってる身からすると、どうしても文量がたくさんないと心配に鳴る。,楽曲制作。ディストリビューターをDistrokidに変更した。SoundONでの審査が長いからね。年間プラン契約。うむ。,動画生成、色々と試してみる時期かなー。でもこの先に何があるかはわからない。
251030,2025/10/30,😌,今日もラノベ見て終わったなー。反省。明日からこそは頑張る。,補助金、採択された２件を入力して、より改善された計画書を出力してもらった。明日やることはWORDに転記すること、記載されている内容のチェック、情報ソースの確認、質問事項の把握。,Sunoはクルミメインの曲を製作開始。そろそろ、作った曲をどんどんと展開していかないとな。,CNPトレカ交流会は、申込みが１件あって、全部で５人あつまった！よかった、交流会になる。12月は事前に皆んなの予定を確認したうえで設定する
251031,2025/10/31,😊,補助金やべーので作っていかないとなー。週末で決算書の入力くらいはやっておく。,色々とタスクが消化できた１日だった。ただ補助金関連のタスクが残ってしまった。これは反省。来週が追加ヒアリングなので、そこまでにはある程度形にしておきたい。というか質問事項をしっかりまとめておかなくては。,楽曲制作。Distrokid経由でSpotifyに配信スタート。２日くらい？SoundONと比べて圧倒的に早かった。アーティストページを整えないと。,
251101,2025/11/01,😊,ナスフェス楽しかった、色んな人にお会いできたなー。,CNPトレカ初心者さん説明会、無事に終了。今回は音声トラブル無く終わった。もっと人が少ないかなーと思ったけど、思った以上に人が集まってくれた。もう２・３回は同じような形式でやって、その次からはゲストに参加してもらうようにしたい。,補助金、やらず！やらず！,Sunoで曲を作ろうというイベントに参加したけど、１時間でけっこういい曲ができた。Sunoの曲作りに慣れてきたってことかなー。
251102,2025/11/02,😊,スリーブ見るのにハマってしまった。お金が・・・,CNPトレカ交流会、少人数だが５人集まって、交流会として成立して良かった。今回は説明とかも不要なので、対戦がたくさんできた。半々くらいの勝率。まだまだ判断が甘いところがあるなー。,補助金、AI関連は何もやらずって感じかなー。明日から巻き返す。,
251103,2025/11/03,😊,トレカスリーブにハマり中。これでもやすい趣味と自分に言い聞かせてる！,補助金、再開し始めました。外部環境分析はどこまで必要なのかな。そのあたりもGeminiさんに依頼。実際の工程の情報とかはヒアリングしないとわからないなー。,楽曲づくり、AppleMusicで配信されました！次はAppleMusicのアーティストページの更新です。,
251104,2025/11/04,😊,メルカリ、まとめ買いで値下げはあまりやらないほうがいいのかなー。高額とか、どうでもいい、買えたらいいってものを値下げしてもらうって感じかな。,補助金、少しずつだけど時間が取れて対応することができてよかった。外部環境分析や内部環境分析までは作ることができた。次からは省力化の必要性を訴えかけて行く部分かな。これを明日やる。,曲づくり、動画生成は何もやらず。,
251105,2025/11/05,😊,大阪楽しかった。オフ会は積極的に参加していきたい。,AIラボ大阪オフ会、学びが多かった。。やることとしては、Threadsを始めること、なんでもいいので投稿の数、露出数を上げること。頑張る。いまはThreadsの審査待ち。審査が通り次第、プロフィールを設定する。Threadsを作る関係でインスタを新たにアカウントを作ったので、そっちのプロフィールも整える。,メルカリ、謎だなー。定価でまとめがいを依頼してるけど、それが成立しなかった。ということは、あっちはこちらに売りたくないってこと。まとめてほしくない、っていうこともあるのか。とりあえずは何度も購入依頼を出すのもいやなので、別の人から買うようにするかー。,事業計画書は少しだけできた。明日１章・２章を仕上げるとともに、翌日のヒアリングでのヒアリング事項をまとめる。
251106,2025/11/06,😊,明日はヒアリング。これで私の運命が決まる,事業計画書、一通り作ってはいるけど、やはり肝の部分がわからないから作りきれないなー。追加ヒアリングでは、まず今の事業計画書を読み込んで、そこからリストアップしてもらうか。,動画・音楽生成はできていない。,CNPトレカ、２デッキを試してみた。楽しかった。それよりもスリーブテンション上がる。いいねー。でも実際に届いて使うと、購入する意欲はちょっと下がった。うーん、追加で買うかどうしようかな。
251107,2025/11/07,😊,CNPトレカ、対戦面白かったー。,久しぶりのクライアントの打ち合わせ。結論としては、こっちで色々と作っても良さそうってこと。,,
251108,2025/11/08,😌,トレカの説明会、ゆったりともっと落ち着いてやらないと。,ドウジョウ100回目。記念の回。とはいえやることは変わらないので淡々と。ただProgateをやってくれたのは良かった。ここからCoolestProjectsに繋がると良いけど。,補助金やべー。今日中にヒアリ軍結果は反映する。１つずつの項目をブラッシュアップするのは今週。,
251109,2025/11/09,😣,明日から本気出す。,げえええ、補助金何もやらなかったー。明日やる頑張る。,AI曲作りを頑張ったかな。SoundONからDistrokidに変更したが、アナリティクスが不明。というかあんまり聞いてもらえてないなー。30曲くらい作ったら何か変わるのかな。,
251110,2025/11/10,😌,事業計画書で頭がいっぱいで色々とできてない,事業計画書、１を作成。グラフを追加している途中で、Geminiの読み待ちが発生。たぶん色んなINPUTを入力したことが原因と考えられる。スレッドは分けて作ったほうが良いと改めて思った。毎日置き換えるイメージかな。,Suno曲作り。ポン出しで良いのでたので採用。冒頭に変なラップがあるけど、それもそのまま使っちゃう。その意味を考えて聞く人はいないだろう。,
251111,2025/11/11,😌,事業計画書作成が入ると、本当に何もできなくなるな。,事業計画書、３歩進んで２歩下がる。２章までは作ったが、Claudeチェックで修正することに。文章もClaudeの方が良いなと思った。明日からはClaudeでやろう。明日は３章に入る前に付加価値等の算出が必要になる。,トレカスリーブ、買ってしまった。どんどんとお金を使ってしまう。,
251112,2025/11/12,😊,木・金・土　はトレカの日にしたいなー。,事業計画書、付加価値額の算出は終了。できれば３章も仕上げたかった。次は３章を仕上げる。そこができたら、あとはどうにでもなる。目指せ明日提出。,曲作り、動画作りできず。クレジットが余ってる。,
251113,2025/11/13,😊,CNPトレカオンライン対戦。２戦２敗。セイドウデッキの勝ち筋が見えないなー。プレイしてると楽しいんだけどね〜。,事業計画書５章までできた。作り始めたら早いので、すぐに着手するようにしたい。明日はセクション６とスケジュールを作り、その３を作ったら、そこからブラッシュアップ。鬼のようにブラッシュアップする。AIさんが。,バイブコーディングでDOMINAスリーブアプリを修正。価格情報をConvexに保存できるように変更したい。そうすると、スマホでもチェックできるから。あとは、ピン留め機能も欲しいかな。,
251114,2025/11/14,😊,CNPトレカ、トレカショップにて対戦。初めてトレカショップで対戦したけど、新鮮だった。,事業計画書、一通り完成。ブラッシュアップを行っているところ。日曜日には完成させ提出する予定。細かな部分を対応して、その後に冗長な部分を反映させて、提出。何度かAIにチェックさせて採択率を高める。,,
251115,2025/11/15,😊,明日やることがたくさんあるので、タスクを整理しながら進める。Threadsどんどん絡んでいきたい！,補助金、やらず。明日仕上げる,イベント。大きな問題もなく終了。今週金曜日に学校訪問があるので、その準備を週の頭にする。あとリマインドメールを送る。,はじめてのCNPトレカ。今回も無事に終わった。手札オープンは非常に良かった。楽しかった。次回は来週土曜日。頑張る。
251116,2025/11/16,😊,とりあえず事業計画書はFB待ち。火曜日再開でいいかな。,事業計画書提出。うーん、正直なんかいまいちな感じもするなー。やっぱり全編AIだと理解しなくても作れちゃうから、ピンときていないっていうのもあると思う。そしてやっぱり人間が組み立てた方がしっくりとくる。とはいえ、やはり時短っていう魅力は捨てがたい。,Udemy、動画生成、音楽生成、今週からやる。,有松中学校は資料は使い回す方針。１時間もあれば、準備できそう。
251117,2025/11/17,😊,久しぶりの出勤。会社の温度環境が改善されてた。,マイクラカップの入館申請完了。イベントやってるーって感じになるね。あと大きなミッションとしては、懇親会の会場予約と、事前打ち合わせの日程調整、くらいかな。,Udemyは参考となる教材を見た。目的や対象者→どういうツールを使うか→自己紹介、っていうのが冒頭パートだった。Udemyで学んだことをChatGPTにインプットしながら壁打ちしながらやっていく。明日の目標はうみのさんの講座を１つ見ること。,Suno楽曲制作。１曲リリース申請に出した。本名はローマ字でもいけそう。
251118,2025/11/18,😊,Threads結構やった。,Udemy、カリキュラム５まで勉強して、タイトルと副タイトルまで検討した。Claude✕メールという、出涸らしくらい出尽くされたテーマだけど、初回はClaude無料プランでもできるくらい簡易的なものにしようと思う。,ライブ配信ができていないけど、明日は日中にやろうかな。,21日の教材がまだできていないので、これは明日。とはいえ、ほぼ沢上中学校のネタで良いはず。
251119,2025/11/19,😊,補助金がどうなってるのか気になるなー。,中学校出前授業の準備完了。資料の使い回しでいけますね。あと数回は。さてこの依頼はあとどのくらいもらえるのかな。,Udemy教材づくり。色々と作ってみてるけど、スクリプト作成のところまできて、これはテーマとしてもっと短時間で終わらせるべきだと思った。これもやってみたから分かること。なのでもう１度最初から考え直してみる。,一社を潰そうと思う。税金払うだけになるし。懸念はマイクラカップくらいかな。そこはまあ、１月のイベントの時に相談してみるかー。
251120,2025/11/20,😊,スレッズ100人超えた。嬉しいけど、その瞬間、ちょっと熱が冷めた。いつも通り。,Udemy教材作り、一旦ゼロベースで考え直すことに。いや、作っちゃえよ、という声が上がってきそうですが、やはりスクリプトを考えるところで、これは薄い、ってなった。なので時間を短時間にすること決めた。いまタイトル検討中。構成を本日中に決めたい。,CNPトレカ、はじめてのトレカはなかなかいい感じだと思う。人は減っていくけど、まあ継続することに意味があるかなーっと。ポジションの１つとして、ですね。,Gemini 3まわりが色々と試せてないかなー。それでもスタエフで配信できるくらいには色々とできてるのかな。
251121,2025/11/21,😌,だらーっとした金曜日を過ごしてしまった。でもこういう何もやらない日があってもいいだろう。,出前授業。無事終了。これで２万円もらえるのはありがたいな。持続性はないけど、需要があるうちはどんどん積極的に対応していきたい。資料も使いまわしがまだできるし、準備コストは最小。,,
251122,2025/11/22,😌,いろいろと溜まっていたタスクは消化できた。あとは経費をしっかりと確定させて、今年どのくらいあと使うか検討しなければ。,はじめてのCNPトレカ、進行としては問題なく進んだけど、参加者はやっぱり減ってるね。でも前回は多かったことを考えると、各コミュニティの人がゲストとして参加するほうがいいと思った。,Udemy、講座のセクションまでは決めれたので、次はスライドのスクリプトまで決める。明日やること。,補助金、特に指摘はないらしいが、それがまた不安。
251123,2025/11/23,😣,Threadsの投稿頻度をもう少し増やしたいねー。,ドウジョウ、モンスターっていうのはああいうのを言うのかっていう親子だった。なんというか、新鮮な体験では合った。でも次やったら出禁。,Opalを久しぶりに触ったが、文章はAIっぽい感じになる。あとフローの自動生成は多少の修正が必要だなと思う。早くGemini 3 Pro導入してほしい。,Nano Banana Proを使ってみたが、かなり日本語の精度は良くなっている気がする。
251124,2025/11/24,😭,せっかくの１日だったのに、何もやらずに終わったー。,,,
251125,2025/11/25,😭,だめだなー、一人だとダラダラしちゃう。,マイクラカップ、やること。飲食店の予約。3000円＋希望者飲み放題っていう感じで一度確認してみる。人数は柔軟に対応してもらえると嬉しいが。取材が入ることになり、その対応方法を事務局に確認。木曜日にリマインドメール、金曜日に機材の確認。審査員の人に向けて駐車場のご案内。,Udemyやらず！！！,
251126,2025/11/26,😊,ChatGPTに殴られた件は、明日のスタエフのネタにするー。,ChatGPTに駄目だしされた。どんどんアウトプットしろと。６０点で良いと。Udemyの教材も何度も作り直してるけど、こねくり回してるけど、さっさとリリースしろとおっしゃるとおりです。,マイクラカップは、懇親会の件は終わり、駐車場のアナウンスも終わり。本日は取材対応について調整をすること。,Udemy、今日こそスクリプト作成まで実施する。もう１つに決めて、Claudeでスクリプトまで作り切る。
251127,2025/11/27,😊,久しぶりの本気のトレカバトルは楽しかったー。,補助金、締め切られた＝申請が終わってるということだと思う。今後に向けて、もっと効率的にできるようにしたい。まずは過去採択事例のタイトル、概要をまとめたファイルを作る。そして決算書から計算用スプシが作れるようなGEMを作ること。,Udemy、スライド構成案まで作れた。次はこれを使ってGAMMAでスライドを作ること。そのためにUdemy講座を聞くこと。そして、一度全体を作ってみる。もう少しライブの部分も作る。,
251128,2025/11/28,😌,マイクラカップが終わったら、一区切りつくなー。,Udemyはまったくやらず。うーん、覚悟が足りないな・・,マイクラカップ、あとは本番を迎えるのみ。懸念は、朝の皆んなの入場と、会議室が開くか、什器類が確保できるか。,
251129,2025/11/29,😌,とにかく疲れたー。,マイクラカップ、こういう時は達成感を感じることを喜ぶべきか、ネガティブな気持ちが勝ってしまうなー。ありえない失敗をしたから、ここを反省したい気持ちの方がかってしまう。悪いことではないけど、もっとできたことを喜びたいな。日本人だから悪い方ばかりを見てしまうのか。,,
251130,2025/11/30,😌,だらーと過ごした！！,マイクラカップ、ひとまず終了かな。あとは請求書関連のみ。来年は一社じゃなくなるから、地域団体として受けるか、個人として受けるか。個人として受ける場合は、もう少し名前を変えたいなー。,Udemyはやらず。休日はやっぱりやらないなー。,
251201,2025/12/01,😌,だらーっと過ごしたな今日も。,経費を確認したうえで、Macbook Proを購入。暫くは副業では稼げないから、他にも買うべきものがあれば今年購入すること。,,
251202,2025/12/02,😌,Macbook Pro購入。黒い筐体、かっこいい〜。,Udemy、動画を少しみたくらい、やらねばー。,来週出張の最終確認。,
251203,2025/12/03,😌,Macbook PROの起動確認して、今日中に移管したいかも。,Udemy、さすがに伸ばしすぎなので、いいかげんGAMMAの動画は見て、年間課金する。あとは画面収録の動画も見れたらみたい。,CNPトレカ、・週末の交流会まとめ・自分のイベント（プレゼントいっぱい）・オンライン交流会・ノート記事作成。,
251204,2025/12/04,😊,経費の計算みたいなことはどんどんできるんだけどなー。,Udemy、結局動画見ず・・明日こそは動画を見る。そしてこのUdemy関連で経費を積みます。積み増さないと。。,下水道科学館、時間割りのシート印刷は完了。明日、そのシートにカットと、荷物の準備をする。,CNPトレカ交流会の準備もする。
251205,2025/12/05,😊,はあー。。。,お尻に火がついたな。転職や独立を考えてもいいタイミングかもしれない。原則出勤。これは大きな転機になるな。,Udemy講師として生計を立てたいが、もともとのインフルエンス力を上げていかないといけない。AI×中小企業っていうところでポジションを築いていかなければ。,
251206,2025/12/06,😊,考えれば考えるほど、どうしたら良いかわからないなー。,下水道科学館のイベント終了。145名くらいの参加者。子どもたちは楽しかった。さて、次回参加するのかどうかは、まだわからないなー。,CNPトレカ交流会は12名の申込あり。良かった。持って行くカードの準備も終わったので、あと少し備品を準備したら終わり。明日は楽しむ。,
251207,2025/12/07,😊,CNPトレカ楽しく行うことができた。良かった。,CNPトレカ交流会終了。１４名参加。新規は５名。結構ご新規さんに参加してもらえてると思う。進行自体にも特に問題は無かったかなーと。次回は1/25日　リリーバンキット。チーム東海コミュニティランキング戦も開催する。でもゆるっと。,Udemy講座を視聴中。今日は少し見ることができた。明日にはみきって、そしてスライドを作る。,DOMINAスリーブアプリ、スマホでも見れるようにするConvexでデータ共有をすれば良いのかな。明日価格情報を更新しよう。
251208,2025/12/08,😌,在宅勤務終了のお知らせを妻に。また生活の仕方を考えていかないといけないなー。,UdemyのGAMMA講座終了。GAMMA課金、ScreenFlow課金完了。次はスライドをGAMMAで作る。年内に審査に出す絶対！,あんまりそれ以外はできなかった,
251209,2025/12/09,😌,出社すると何もできないのが残念,Udemyはなにもせず。,小学校の授業準備完了。問題なく実施できる見込み。,
251210,2025/12/10,😊,あいちロボフェス楽しみ。マックイーン担当なのでなんとでもなる。,小学校の出前授業、短時間でマックイーンの超音波センサまで実施できた。６年生の場合は、これくらいのペースで実施しても問題なさそう。５年生もいけるな。なので、１コマまるまる体験会の場合は、もう少し色んな事をやらせても良い。,UdemyやらAIは何もやらず。,
251211,2025/12/11,😌,日付感覚がバグってる！,Udemy全然やってないなー。今日こそは、1シートでも良いから作りたい。,,
251212,2025/12/12,😊,１人で大きなホテルの部屋を確保してしまった。あとダラダラしたので、今日はしない！,１日ボランティアスタッフだった。ボランティアじゃないか。マックイーンの講座はもう完璧だと自信を持っていえる。もう少しマックイーンを買ったほうがいいんだろうかな。,,
251213,2025/12/13,😊,今夜も早く寝て、朝活しよっと。,イベントスタッフ。問題なく実施できた。安定感抜群。ここで感じたこと。自分の成長。他の人の講師っぷりを見て、自分が成長できているなーと感じることができた。これは嬉しかった。,ロカネット　in　CNPトレカ。ブース隊長に任命された。責任重大。国交省の役人さん相手に説明できる自信は無い。さてさて。チラシを作っての声にはしっかりと答えたい。,
251214,2025/12/14,😊,疲れたー,3日間のイベント終了。講師としての技術力は上がったと思う。とはいえ、アンケートなどを取ったわけではないので、実際のところの相手の反応、感触は分からない。反応は分かるか、もっとやりたいっていう子どもたちの様子を見たら。,下水道科学館、今回のロボフェスの内容をやる。海岸のゴミを拾おう、っていうテーマでマックイーンを使った体験会にする。,
251215,2025/12/15,😊,GAMMAは結構使える感じ。スライドのまま公開してもいいし、Webサイトの形で公開してもいいし。,ロカネットのCNPトレカ出展ブース、チラシ完成、WebサイトもGAMMAで作成。課金してるからAIで編集し放題。AI機能は結構使える。チラシはGeminiで原案を作ってcanva。ここを１つのサービスで完結できると良いなと思う。プロンプトの作り方だろうか。,,
251216,2025/12/16,😭,体調不良で有休〜,,,
251217,2025/12/17,😭,インフルで有休〜,,,
251218,2025/12/18,😌,体調が回復してきたとはいえ、まだまだ本調子ではないなー。,久しぶりにLovartを触ってる。シュナプーンのプロンプトを使ってみる。やっぱり最初はマネッコだな。色んな人のプロンプトを参考にしたい。,学校向けの資料は完成。今回も使いまわし。若干「どういう人が好まれるか、働くうえで」っていう点が抜けてるけど、そこは学生さんが汲み取って欲しい！,
251220,2025/12/20,😊,隔離生活が終了！,ドウジョウは１名。たまにはそういう日もあっていいと思う。診断士仲間とじっくり話すこともできたし。開催レポートは明日書く。,ロカネットは大盛況だったと感じてる。９人は結構多いと思う。ここからどのくらいがプレイヤーとなってくれるか。そもそも対戦することができる場所が限られてる問題もあるので、もっと場を提供していきたい。,
251221,2025/12/21,😊,結局やりたいことはやれない１日だった。まあ仕方ないかー。,Fujinさんの教材はまだ読めてないけど、アフィリンクを踏んでもらったことで報酬ゲット。よかった、元が取れた。さて、ここから勉強をしていきたいわけだけど、朝活のテーマかな～。,CNPトレカの会議室はあまり好きな感じではないかな。ただ料金と場所と空きを考えると、ましかなーって感じ。もう少し開放感がある場所がいいと思った。,CoderDojo １月の予約表を作らねば。
251222,2025/12/22,😊,久しぶりにデンソーに入った。最初は鬱だったけど、始まればいつも通りにできた。,Fujinさん教材のアフィ、お小遣い程度だけど売上を作れた。初動が肝心なのと、あとはリンク踏みの購入特典がある方が良さそう。Opal自体としては特典のワークフローそのままを体感。かなり精度がいいなと感じた、私が作ったものよりも。,CNPトレカ交流会、申込ページを作って申し込み開始。いい感じの滑り出しだと思う。また週末くらいに過去参加者にDMを送ろうと思う。名古屋交流会まとめページを作りたい。,
251223,2025/12/23,😊,出勤。１日って結構疲れるな。,Opal今日はやらず。明日よりクリスマスセールがあるようなので、それに向けたポストをしていかないと。特典あります、期間限定！って感じにしようかな。,イエサブへいってトレカ６パック購入。あんまり売れてなさそうでは合った。,
251224,2025/12/24,😊,クリスマス・イブだけど、特に何もなく。,Opalはあまり調子よくなくて、エラーになったりならなかったり。システム側の問題かなと思うけど、教材を色々と試したいが。。,Udemy、今日にはスライドを作る！Gamma使いこなしたい。,CNPトレカ情報を発信する
251225,2025/12/25,😊,経費を確認したが、前期よりも利益が増えている。もう少し使いたいが、キャッシュがなくなってきているため、使うのを躊躇する。,Udemyは進まず、Opalもあまり進まず。ダラダラと過ごした１日だった。,,
251226,2025/12/26,😊,長期休暇が始まる。毎日配信とUdemy教材、この２つを最低限のタスクにする。,,,
251227,2025/12/27,😊,CNPトレカは初心者さん説明会を実施。年内はこれが最後。交流会にむけて参加者増のためのDMを行った。参加者が増えてくれると良いな。,Sunoで楽曲づくり。２曲作って、Distrokidで配信予約完了。ClaudeCodeが動かなかったので、Codexで歌詞を作成。やっぱりClaudeの方がいいけど、APIエラーが多くて使い物にならず。,ScreenFlowを使ってみた。特に問題なく使えていると思う。ズームインとかをどうやってやるのかは調べたいところ。でも最初はまずは画面が収録できたら良いかなって感じ。,UdemyUdemyUdemy。
251228,2025/12/28,😣,買い物に行った。久しぶりのお出かけ。たまにこういう休みもいいな。,ScreenFlowを使ってみて。結構いい感じ。動画とかで見るあの感じができるっていう機能が揃ってる。編集に時間を掛けると進まないので、テクニカルな部分はもう少し慣れてからにしようかな。,,
251229,2025/12/29,😊,結局なにもできてなーい！,CNPトレカのオンライン大会、すごく楽しかった。こういう時に思うこと。声をかけられた時に無理だと思って断った。でもその無理をやった人たちがいてこれだけ盛り上がった。その人達はその分成長できたが、無理だと断った私は観客の１人であり成長できたところはない。やっぱり色んなことにチャレンジした方が良いなと思った。,,
251230,2025/12/30,😊,そんなにダラダラとはしてないはず。明日はUdemy講座を作り上げる。Gammaでのスライド生成について。,会計処理をひたすら。いろいろと経費として組み込んだことで、副業の利益は昨年度同等でいけそう。仮想通貨をほぼ触ってないので、その部分の利益は減らせてるはず。,,
251231,2025/12/31,😣,年末ダラダラ納めをした、と思いたい😅,,,
260101,2026/01/01,😌,実家へ帰省。特に感想もないが、運転疲れた。,Lovartで動画生成。NanobananaProからKlingはかなりいい感じだったな。それを実名のFacebookに投稿した。かわいいちびキャラ風。人の目にはどう映るのかな。,,
260102,2026/01/02,😌,だらだらは今日まで。まずは明日のはじめてのCNPトレカの準備から活動を再開する。,Udemyはスライド１枚をGammaで出力したのみ。3日中にはスライドを作りきりたい。ただ、AIでポンと出しただけだと、やはり説得力と言うか、ハルシネーションというか、個性が無いというか、そういうものが出来上がる。やはり手直しは必須。あと、画面を見せながらやる場面とかも作ったほうがいいな。,Opalはなかなかさわれてない。,
260103,2026/01/03,😌,やりたいことができてないけど、それでも良いと思わないとね。,はじめてのCNPトレカでScreenFlowを試した。Discordとマイク入力を収録。確認はこれからだけど、いい感じで収録はできている。トリミングをして、あとは音声のレベルを合わせるくらいで公開したい。,Udemy講座スライド、残すところあと２枚まで来た。作っているとやっぱり疑問は出てくる。これでいいのかと。そもそもメールを作るだけの講座で良いのか、もっとライブの時間を増やしたほうが良いのか。スライドで説明すべきことではないのかも、とか。そんなことを考えていると何もできないので、とりあえずこのままでいく。そしてまずは１つ目の審査を通す。,
260104,2026/01/04,😣,まったく何もやらない１日となった。明日からは本格的に動かなければ。。。。,,,
00*,,,,,,
260105,2026/01/05,😊,明日から本業開始。原則出社まで残り３ヶ月。不労所得となるべく、Udemy教材を月１でリリースしたい。,Udemy講座のスライドをすべて作成完了。作成後はスライドをPDF化してChatGPTとGeminiに整合性を質問した。修正するほどではないような指摘ばかりなので、このままいく。次にやることとしては、ライブをどこで入れるか、そのスライドを考える。なので、改めて最初からスライドや流れを見ていく必要がある。ここからはAIをつかうというよりは、自分の経験に基づいてやっていけばいいのかな。,ジャーナリングは１年間継続できた。１日を振り返るのって難しいなと改めて感じた。あとこの中では格好つけないようにしたい。もっと自分の声で本音で書いていきたいと思った。,確定申告に向けた記帳を実施。2025年分はやれることはやった。あとは確定申告の提出期間が始まれば書類作成までできるはず。2026年分も仮想通貨については記帳完了。日々やったほうがいいなと改めて感じている。
260106,2026/01/06,😊,本業がなー。うまくいかないな。なんでその人選？っていうのを思った通りの結果になっただけなんだけどな。転職したいけどな、その勇気もないし。,Opalの教材テンプレートを自分なりに変更した。キャラクターシートからサムネイルができたのは良かった。これを使えばそのキャラを使った記事に沿った４コママンガも作れそう。とはいえ、今日公開した記事はFujinさんのテンプレートのまま。試したのは試したけど、本番は明日の分。うまくフローが回ってくれるとありがたいけど。,Sunoでの曲作り。イントロの変なハミングを除去したいけど、なかなか難しい。おそらく、曲調によってそういう曲が学習されてるから、難しいんだと思う。これがK-Poｐ調とかならきっと外せるんだろうけど、ロックっぽいのはどうしてもハミングが入る。ガチャ要素が強いな。,
260107,2026/01/07,😊,ダラッとしてしまったが、Opalで色々試せたから良かった。,Opalワークフロー、自分なりにカスタマイズしたものを実行。音声データからブログ・サムネイルまで自動生成。サムネイルには自分のキャラクターを使う。実行した結果は問題なし。以前の自分で作ったフローよりも、自然な言い回しがされてて、自分の過去ブログの入力、SEO、ライターのプロによるチェックがすごく機能していると思う。,アンチグラビティ、使い方がターミナル＋エディタって感じになってる。もう少し、アングラとしてのAIプログラミング方法を学んだほうがいいのだろうか。とはいえ、ClaudeCodeやCodexに慣れてるしなー。,
260108,2026/01/08,😊,ラノベを読みまくって何もやらない日だったー。こういう日があってもいいかな。,音声配信について、同じ題材を使って５本目のネタを配信。次は音声配信の始め方、という配信をしてもいいかなって思った。,,
260109,2026/01/09,😌,ダラダラとした平日だった。週末に巻き返したい！,Opalフロー、音声配信データからブログ（note）化は安定してる。やはりフィードバックシステムがいい感じに働いてそうだな。明日は４コマにチャレンジ。これでオパールでやりたい事は一通りできるかな。,,
260110,2026/01/10,😊,明日からマイクラ体験会。どうなることやら。楽しみたい！,音声配信、怒涛の３本取りを実施。全部ポッドキャストに関する内容で結構いい感じに配信できてると思う。次はこれを使ってオパールでブログ化していきたい。,Opalで４コママンガを作ってみた。ちゃんとした４コマは初だったかも。結構いい感じにできるので、これを自分のワークフローに組み込みたい！,そろそろ会社をたたむための行動をしないといけない。それこをフローとかタスクリストを作って共有して消化していかねば。難しそうだな。
260111,2026/01/11,😊,マイクラ体験会のスタッフ。今日から２日間。イオンモール熱田でワークショップ。初日の感想としては、想像以上にたくさんの子供達が来てくれてよかった。多少のトラブルはありつつも、いつも通り回数をこなすことで徐々に解決。あと娘の司会が思ったよりも良かった。明日も安心して任せることができそう。,,,
260112,2026/01/12,😌,２日間のイベントスタッフ終了。３月のイベントもヘルプしたいって伝えた。マイクラの人みたいに思ってもらえるならいいな。,マイクラ体験会、２日間無事に終了。トラブルはなく終えることができた。無償でやれるか、の問いには正直答えづらかった。個人的には半々。報酬は欲しいが、信頼や繋がりも欲しい。でも他の人は報酬なしだと厳しいかなと思う。いくらドウジョウ関係者でも。実際にその時になってみないと分からない。,,
260113,2026/01/13,😌,明日は出社。行きたくないけど仕方ないなー。,Opalの４コマにチャレンジ。縦に４行に並べたいんだけど、レイアウト。でもボックス型の配置になっちゃうんだよね。６０点で良いと思えばこれで最高なんだけど、しっくりこない。でもこの完璧主義を少しやめないとなー。,２つ出前講習が入ってるけど、すっかり抜け落ちてた…前はきっちり覚えていたけど、歳で忘れちゃったのか、もしくは集中してるポイントが変わってきているのか。,
260114,2026/01/14,😊,久しぶりの出社。電車が数分遅れただけで乗り継ぎが困難に。ホームでの待ち時間が本当に無駄だと思った、,スタエフ、事前に収録しておいたものを配信。やっぱり外出する時は、事前に予約投稿が良い。あと、色んな人のコメントや配信からネタを５つほど蓄積。配信ネタはどこにでも落ちているな。,,
260115,2026/01/15,😌,Udemyできてないなーって思う。どこかで巻き返さないと。。,,,
260116,2026/01/16,😤,AppleIDのパスが怪しいので変更。その後Xも不正なアクセスがあった。怪しい。他のアカウントが大丈夫だといいけど・・・,,,
260117,2026/01/17,😆,そろそろ来週のトレカイベントの集客を頑張らねばー。,モノリスカップ、めちゃくちゃ楽しかった。戦績としては4戦１勝だけど、それ以上にみんなと楽しい時間を過ごせた事が嬉しい。もっと、トレカに時間を掛けていきたい✨,,
260118,2026/01/18,😌,ドウジョウ関連をやったくらいで、あとは何もできていないなー。,ドウジョウ実施。和室だったけど、特に問題なく実施できた。心穏やかにできたなー。レポートも当日中に発行できてよかった。あとは２月３月の会議室の確保をしなければ。場所の都合ってことにして、２月１回、３月１回にしようかな。,,
260119,2026/01/19,😊,フォーラム休みだったー。４月までの予約を取らねば。,モノリスCUPの開催レポートを作成完了。構成には悩んだけど、改めて感じた魅力っていうことでまとめた。勝ち負けじゃない価値、これを伝えていくのが私の役目かなと。交流会をやってるのも多分そう。繋がるためのツール、繋がりを作る場所の提供、こういうのを地道にコツコツとやっていきたい。25日のイベントの時に、２月に大会をやりたいっていう話をしようかな。,Udemyは今日もやらず。２月にバレンタインデーセールをやるっていうことで、そこを次のターゲットにしたい。でもやっぱりメールだけのセミナーって需要があるのかどうか、無理はないか、とか考えてしまう。でも１回はリリースしたほうが良いんだよなーって思う。,
260120,2026/01/20,😌,CNPキャラストリートのスタッフブルゾンは嬉しい。いろんなNinjaDAOイベントで着ることができそう。,会社の会議を面着で実施。その際に思ったこと。面着会議でもTeams会議を立ち上げて録音しておくと良いと思った。議事録が作れるし、音声スクリプトがあるだけで、色んな分析ができるし。４月から面着会議が増えると思うから、次年度のDXの提案としてもいいかも。,,
260121,2026/01/21,😌,悩むことはたくさん。,OpalとRemotionによるショート動画生成プログラムを試行。Opalで画像と台本を生成、そしてPythonで音声を生成してRemotionで結合。できた。すごいシステムだと思う。かなり複雑なことを裏でやっていると思うけど、ここまで組むのはすごいなって思った。うーん、私にはそこまでできない。技術はあるのにやらないだけだな。。いまはAPIの制限に引っかかっているので、これをGeminiCLIとかClaudeCodeでできるようにしたらいいような気がする。頒布性は下がるけど。,何を自分のメインフィールドとするか考えないといけないな。一社は潰すけど、じゃあ何をメインにするのかっていう点。講師業が楽しいけれど、やはり営業力という点で問題はあるし。そうするとオンラインでの収益っていう面で売っていくのが良いのだろうか。,
260122,2026/01/22,😌,CNPトレカの交流会に向けて、販売用デッキを構築する。,出張ドウジョウ。とても楽しかった。フリースクールへのプログラミング体験会。以前フリースクールに来ていたメンバとはガラッと変わっていた。前は「不登校だなー」って感じた子が多かったが、今回は「本当に不登校なのかな」と感じる子が多かった。普通に楽しそうに過ごしていたし、コミュニケーションが段違いで取れてた。色々と背景があると思うけど、ガラッと以前とは変わっていてびっくりした。そして、どんな子でも色々抱える子はいるんだな、合う合わないって様々だなって改めて考えさせられた。,ウルフさんの作った動画生成プログラムを解析中。Antigravityの（CLIじゃない）Gemini Pro 3で解析中。ターミナルからAPIを読み込むと無料枠のため制限に引っかかるので、Antigravityで音声を生成できないか検証中。次にIDEでターミナルを開いて、ClaudecodeやGeminiCLIで生成できないか試してみる。それができるなら、Opal + Antigravity + Remotion　っていうシステムが作れそう。,
260123,2026/01/23,😊,APIキーっていうのは、今後重要になってくるなーって感じた。外部サービスからAIを使うのは、今後はAPIキー必須になるだろうな。,Clawdbot導入。朝からやってるけど、この日はAPIキーのところで詰まって、最後までできず。分かったこととしては、まずClawdbotは導入のハードルが高いこと。エンジニアの私でもちょっと詰まったな。でもそういうのはAIに聞けばいいので、そういう意味では誰でもできるのかな。あと、ClaudeのOAuth認証に失敗。APIキーを求められるけど、みんなAPI使わずに使ってて、なんでーって悶々。,,
260124,2026/01/24,😆,デッキ構築たのしー。,Clawdbot にて。DiscordでRemotionによる動画生成ができることを確認。前日はAIサービス、LLMの認証に手間取った。APIキーを求められてて困ったけど、ChatGPTでの認証に変えたら上手く通った。Claudeはやっぱりサードパーティー製のサービスに対してはちょっと厳し目かな。,,
260125,2026/01/25,😊,もう少しトレカ、オンライン対戦もやっていかないとな。,トレカ交流会、場所が分からずっていう意見が多かった。ポストでは場所の連絡まで出来てるけど、申込みページにも書いたほうが良いなと思った。これは次回。交流会自体は皆んな楽しそうだったから問題なし。２月の予約を取らないとなー。,clawdbot でClaudecodeを動かすことを試した。上手く行ってないけど、これも少しずつ試していけばいい。気になるのは、ブラウザがリセット？のような状態になったこと。パスワードマネージャーとかも見えなくなって、ちょっと焦った。,
260126,2026/01/26,😊,CNPトレカ交流会の場所を仮押さえ。本押さえできたら告知していく。次こそはLPをちゃんと整える。,ひたすらClawdbotの導入作業。自分専用の秘書を設定。秘書との好感度システムも実装できた。その実装自体もClawdbotがDiscord内のチャットのやり取りで作ってくれるのってすごいなと思う。あとは、Antigravity認証に変更。Antigravityを裏で動かすということをやりたかったため。そのブリッジとなるSkillもClawdbotに作ってもらった。Skillっていうのが少し理解できたような気がする。,,
260127,2026/01/27,😊,会社はいくたびに憂鬱になる。こういうのをもう少し妻に話したほうがいいのかな。,Obsidianの環境構築完了。Antigravityとの連携も完了した。同期するっていうのを確認することができたな。あとはここからどんどん進めていくんだけど、やっぱりセキュリティ面での懸念はありそう。ということで、使っていないMAC をサブPCとして、新たにClawdbot用に設定しようと思う。いつまでこれを使い続けるかは分からないけど、こういうのをやってみるのもいいと思う。,Clawdbotで遠隔でアプリ開発ができた！やった。,
260128,2026/01/28,😌,CNPトレカとドウジョウの申込ページ作らないと、金曜日にやる。,Clawdbotの永続化を目指し、かつセキュリティを心配して、使っていないPCを常時稼働用のPCにした。再インストールからAntigravityとClawdbot、Obsidianのインストールまで完了。秘書ボットも稼働することを確認したので、移行については完了。ここから第２の脳の構築をしていく。,,
260129,2026/01/29,😊,記入忘れたー。たぶん、Clawdbot関連は相変わらずトラブってたような気がするな,,,
260130,2026/01/30,😌,飲み会でかなりAIの話をした。一般的なAI使いこなしのレベルは分かってきたような気がする。,なんとなく、会社の仕事をチカラ入れて頑張ってた。全盛期には程遠いけど。自分で稼ぐっていうのを諦め始めたのもあるけど、どうせやるならっていうのもあるし、あとは出社で毎日顔を合わせないといけないから気まずくならないように振る舞わないとなっていうのもある。とりあえずこのくらいの熱量で２月もやっていこー。,,
260131,2026/01/31,😊,確定申告の準備を進めないとー。支払調書があと１つ届けば、クローズできるはず。,出張ドウジョウは問題なく終了。やっぱりマウスの使い方は鬼門。マイクラカップのように、シールを貼ってみるかなー。,openclawの再設定完了。名前が変わっても色々と引き継がれるみたいで良かった。あとは、APIキーの設定も完了。どんどんと課金されていってビビる。,Obsidianの設定を明日は実施する。
260201,2026/02/01,😊,"Notionでのジャーナリングと、この日誌（Markdown）をどう棲み分けるか（あるいは統合するか）検討中。
*   ジャーナリングをこの日誌に一本化するメリットと、移行コストを天秤にかけている。",**Obsidian / Google Drive / Antigravity / OpenClaw** の連携がすべて完了。    *   OpenClawをサブPCに構築することで、**セキュリティ面の懸念を払拭**。    *   [検証完了] サブPCのOpenClawでのファイル更新が、Google Drive経由でメインPC（Obsidian / Antigravity）へ即座に反映されることを確認。    *   メイン・サブPC間での同期および3ツール連携環境が確立された。,リツトさんの教材を参考に、コンテキストの抽出・注入が完了。「自分は何者か」の定義が固まった。    *   **[課題]** 既存のジャーナリング結果がまだコンテキストに反映されていない。Userプロフィールは完成しているが、後からデータを追加する仕組みを検討中。,OpenClawをAPIキー認証に変更。試算では2日で約500円ペースとなる可能性があり、**コストの懸念**がある。    *   運用を絞る必要がある。本来は「Google AI Ultra」への移行も理想だが、費用のバランスを考慮中。